1,ARTUR BERNARDES
2,PRINCIPAL
3,RAIMUNDO TINTI
4,NOSSA SENHORA DO CARMO
5,SAO TOMAZ DE AQUINO
6,LA PAZ
7,VENANCIO MACHADO
8,CAMPO BELO
9,CORAL
10,LAVRAS
11,SAO JOAO EVANGELISTA
12,VICOSA
13,CRISTINA
14,BOLIVIA
15,NICARAGUA
16,MURILLO MORAES DE ANDRADE
17,SAO MIGUEL ARCANJO
18,SEM NOME
19,NOSSA SENHORA DE FATIMA
20,SERENATA
21,SACRAMENTO
22,DOUTOR ALIPIO GOULART
23,DESEMBARGADOR MARIO MATTOS
24,PALMIRA
25,PROFESSOR ESTEVAO PINTO
26,MONTE ALEGRE
27,DO OURO
28,CARACA
29,GUAXUPE
30,CAPIVARI
31,ENGENHEIRO LUCAS JULIO PROENCA
32,BANDONION
33,FLOR DE MAIO
34,PEDRA VERDE
35,SANTA RITA
36,SAO JOAO
37,JEFFERSON COELHO DA SILVA
38,MARIA CARMEM VALADARES
39,MEM DE SA
40,EUCLASIO
41,GREGORIO DE MATOS
42,NISIO BATISTA DE OLIVEIRA
43,RENE RENAULT
44,DOUTOR JOSE SEVERINO LIMA JUNIOR
45,SAINT CLAIR VALADARES
46,DOUTOR ARGEMIRO RESENDE COSTA
47,ASSIMA HATEM BORJAILI
48,ISAURO MASCARENHAS GUEDES
49,REGENCIA
50,HARMONIA
51,LIRA
52,BELA VISTA
53,DOUTOR CAMILO ANTONIO NOGUEIRA
54,CABRALIA
55,POUSO ALTO
56,AGUAPEI
57,SENADOR POMPEO
58,AMAPA
59,GRAVATAI
60,CASTELO NOVO
61,DO CONTORNO
62,PAULO DE FRONTIM
63,OLEGARIO MACIEL
64,DOS CAETES
65,AFONSO PENA
66,DA BANDEIRA
67,CURITIBA
68,CAMBUI
69,OURO FINO
70,AARAO REIS
71,ASSIS CHATEAUBRIAND
72,DA BAHIA
73,ANTONIO DE ALBUQUERQUE
74,ESPIRITO SANTO
75,AUGUSTO DE LIMA
76,PADRE BELCHIOR
77,AMAZONAS
78,DOS TUPINAMBAS
79,DA AGUA
80,MANGABEIRA DA SERRA
81,CORINTO
82,DANIEL JOSE DE CARVALHO
83,JUNQUEIRA NETO
84,JOEL JOSE DE CARVALHO
85,JOAQUIM DE OLIVEIRA
86,WALDYR SOEIRO EMRICH
87,QUATRO MIL CENTO E SETENTA E DOIS
88,URSULA PAULINO
89,DESEMBARGADOR REIS ALVES
90,DOS INDUSTRIARIOS
91,BOM PASTOR
92,BOM PASTOR
93,MARCELO COSTA TAVARES
94,CATULO DA PAIXAO CEARENSE
95,PADRE JOSE NASCIMENTO
96,DOUTOR RIBEIRO PENA
97,PRESIDENTE COSTA E SILVA
98,BICALHO
99,DOM JOAO DOS SANTOS
100,TITO FULGENCIO
101,GAL.DAVID SARNOFF
102,PAPA JOAO XXIII
103,CARDEAL EUGENIO PACELLI
104,DOS TIMBIRAS
105,SAO PAULO
106,DOS TAMOIOS
107,RAUL SOARES
108,DEZESSEIS
109,PASTOR SAMUEL MACHADO
110,LAPLACE
111,HALLEY
112,KEPLER
113,CONSUL ANTONIO CADAR
114,PRUDENTE DE MORAIS
115,BARAO DE MACAUBAS
116,PROFESSOR MAGALHAES DRUMOND
117,GETÃšLIO VARGAS
118,PIAUI
119,CLAUDIO MANOEL
120,JOAQUIM MURTINHO
121,PROFESSOR CANDIDO HOLANDA
122,BENTO SIMAO
123,JOSE OSWALDO DE ARAUJO
124,PTOLOMEU
125,BARCELONA
126,RIGEL
127,ARRUDAS
128,VEGA
129,SOBRAL
130,AGEO PIO
131,DEPUTADO SEBASTIAO NASCIMENTO
132,CARNOT MELO
133,WALMIQUE SANTOS
134,LEDA PINHEIRO CHAGAS
135,DOUTOR ARISTIDES DE PINHO
136,AFONSO RIBEIRO
137,MIGUEL LONGO
138,VENERO CAETANO DA FONSECA
139,EDUARDO BROCHADO
140,DOM JOAO VI
141,SEBASTIAO ALVES COSTA
142,JULIO DE CASTILHO
143,DAS ESPATODIAS
144,PLATANO
145,DAS AMENDOEIRAS
146,ORQUIDEA
147,CAMPO FORMOSO
148,LAGOA DA PRATA
149,DESEMBARGADOR BARCELOS
150,JAVA
151,OLINDA
152,DOS TUPIS
153,BIAS FORTES
154,VDT DONA HELENA GRECO
155,TRI TRES MIL TREZENTOS E QUARENTA
156,PARANAGUA
157,NOSSA SENHORA DE FATIMA
158,PADRE EUSTAQUIO
159,PARA DE MINAS
160,SAO VICENTE DE PAULO
161,IVAI
162,ITAU
163,ABILIO MACHADO
164,DAVID RABELO
165,JOAQUIM DE PAULA
166,CLEMENTE BARRETO
167,MARIO DE MELO
168,FLORENCIO JOSE DOS SANTOS
169,JOAO XXIII
170,PAULO VI
171,MARIANITA
172,DOS CONSTRUTORES
173,LEONIL PRATA
174,DOS MEDICOS
175,DOS ADVOGADOS
176,DOS ECONOMISTAS
177,DOS ENGENHEIROS
178,DOUTOR FERNANDO SCARPELLI
179,CANTOR LUIZ GONZAGA
180,CONCEICAO APARECIDA AUGSTEN
181,PELOTAS
182,OLINTO MAGALHAES
183,VILA RICA
184,RIO POMBA
185,CATAGUAZES
186,TRES PONTAS
187,DOM PEDRO II
188,ALA VEREADOR GERALDO SILVA DE OLIVEIRA
189,MATO GROSSO
190,DOS GOITACAZES
191,ARAGUARI
192,JUNQUILHOS
193,MARAJO
194,DARCY VARGAS
195,EMILIA ALVES DO VALE
196,MINERVINA EUGENIA DE SOUZA
197,AUGUSTO JOSE DOS SANTOS
198,SENHORA DO PORTO
199,DARCILIO DE MIRANDA
200,DAS CANOAS
201,TRES FAZENDAS
202,EMIDIO BERUTO
203,NELSON DE SENNA
204,JOAO PAULO I
205,DOS GEOLOGOS
206,WIVER HERNANDES DA SILVA
207,FERNANDO CORNELIO DE PAULA
208,RAUL SEIXAS
209,GERALDO MAGELA DE ALMEIDA
210,SANTO ONOFRE
211,LEOPOLDO CAMPOS NUNES
212,DOUTOR LUIS RATTON
213,MAURETTE JOSE DOS SANTOS
214,ROMUALDO LOPES CANCADO
215,IOLE MONTEIRO DE LIMA
216,DESEMBARGADOR JOSE SATYRO
217,ALTAMIRO AVELINO SOARES
218,ELSON NUNES DE SOUZA
219,RITA DE PINHO TAVARES
220,CECILIA FONSECA COUTINHO
221,GOVERNADOR MARIO COVAS
222,AFONSO RICALDONI
223,DOS CONTADORES
224,DOS BIBLIOTECARIOS
225,TENENTE ANTONIO JOAO
226,DESEMBARGADOR CAMPOS
227,JUSTINO CARNEIRO
228,ANTONIO GRAVATA
229,CHICO REI
230,DONA LUCI
231,FERNANDO CANDIDO DE SOUZA
232,INACIO PARREIRA NEVES
233,ALBERTO NEPOMUCENO
234,MARCOS COELHO NETO
235,RAUL MOURAO GUIMARAES
236,PINTOR GERALDO GONCALVES
237,LOURIVAL GONCALVES OLIVEIRA
238,SAO JOSE
239,CIPRESTE
240,DOS ALAMOS
241,DAS TUIAS
242,DAS QUARESMEIRAS
243,CRISANTEMO
244,BRIGADEIRO EDUARDO GOMES
245,IMPERIAL
246,SAO MATIAS
247,QUITANDINHA
248,VERONICA
249,MONTANA
250,PALESTINA
251,NILO
252,BROTAS
253,FUNDAO
254,BARBOSA
255,CONCEICAO DA BARRA
256,VALAO
257,PIUMA
258,ENEIDA
259,VILA VELHA
260,MONTE VERDE
261,LUNAR
262,LUME
263,FRANCISCO BRAGA
264,CAMARGO GUARNIERI
265,ITIBERE DA CUNHA
266,LUIZ COSME
267,PADRE JOSE MAURICIO
268,CAPIM BRANCO
269,CONDE DE PALMA
270,INDEPENDENCIA
271,SARARE
272,VDT LESTE
273,TUN PRESIDENTE TANCREDO NEVES
274,CRISTIANO MACHADO
275,PITANGUI
276,JACUI
277,VOLTS
278,LADAINHA
279,AMERICO MARTINS DA COSTA
280,PARNAIBA
281,ALBERTINA
282,JOSE DE ALENCAR ROGEDO
283,REIS DE ALMEIDA
284,WALDOMIRO LOBO
285,DOUTOR BENEDITO XAVIER
286,JACAPA
287,JOANA ANGELICA
288,NOSSA SENHORA DA GLORIA
289,OSCAR LOBO PEREIRA
290,POUSO ALEGRE
291,ITAJUBA
292,VDT JORNALISTA OSWALDO FARIA
293,DOS ANDRADAS
294,DOS GUAICURUS
295,BUENO DO PRADO
296,BARAO DE LEOPOLDINA
297,FREI LUIZ DE SOUZA
298,RIBEIRO DE PAIVA
299,NOGUEIRA DE PAIVA
300,PADRE MANOEL BERNARDES
301,FREI MATEUS
302,ANTONIO GUERRA
303,TAMANDARE
304,MARIANO PROCOPIO
305,ALCIDES LOBO
306,VEREADOR CICERO ILDEFONSO
307,PRESIDENTE JUSCELINO KUBITSCHEK
308,CONDE PEREIRA CARNEIRO
309,RISOLETA NEVES
310,DA PEDREIRA
311,FURQUIM WERNECK
312,JOSE LINS DO REGO
313,LUCIA MIGUEL PEREIRA
314,MARECHAL HENRIQUE LOTT
315,EDEWELS BARCELOS
316,FRANCISCO VERNHAGEM
317,JOAO DORNAS FILHO
318,EDGARD CAVALEIRO
319,MANOEL BANDEIRA
320,LUCILIO DE ALBUQUERQUE
321,BASILIO DA GAMA
322,SARAMENHA
323,ANTONIO BANDEIRA
324,TUN PREFEITO SOUZA LIMA
325,PRESIDENTE JUSCELINO KUBITSCHECK MARGINAL DIREITA
326,PROFESSORA MARIA COUTINHO
327,CITRINA
328,VESTA
329,NOGUEIRA DA GAMA
330,WILSON CAMARGOS BATISTA
331,ACUDES
332,PURPURA
333,JUVENIL BARBOSA DA SILVA
334,JOAQUIM ALVES PEREIRA
335,JOSE DUTRA DE ARAUJO
336,ROSALINO SOARES
337,JOAO AVELINO PEREIRA
338,ADORINO FERREIRA
339,DELFIM VIEIRA COELHO
340,SEBASTIAO FERNANDES BRANDAO
341,NEVADA
342,EVANGELINA PRATES
343,ERNESTO PEREIRA
344,MARGARIDA ASSIS FONSECA
345,ROD PRESIDENTE JUSCELINO KUBITSCHEK
346,BARAO DE VARGINHA
347,FREI CONCEICAO VELOSO
348,HUGO DE CARVALHO RAMOS
349,EMILIO CARDOSO AIRES
350,DALMO FRANCA
351,JOSE CONDE
352,PINTOR DEBRET
353,JOAQUIM CARDOSO
354,JOSE DE ALMEIDA NEVES
355,JERONIMO FIRMINO MARTINS
356,FAZENDA VELHA
357,JOSE FURTADO SOBRINHO
358,PAU BRASIL
359,CAVIUNA
360,PAU FERRO
361,JOSEFINA GUIMARAES VIEIRA
362,INDIRA GANDHI
363,ARI BARROSO
364,IPE ROXO
365,LILAS
366,MARGINAL DA BR ANEL RODOVIARIO
367,EMERECIANA BATISTA CAMARGOS
368,ESTER BATISTA VIEIRA
369,BENJAMIM JOSE DOS SANTOS
370,VISCONDE DE MAUA
371,FRANCISCO TELES
372,FRANCISCO SALES
373,BERNARDO MONTEIRO
374,PROFESSOR ALFREDO BALENA
375,ALA EZEQUIEL DIAS
376,PINTOR AUGUSTO REZENDE
377,REVERENDO CICERO SIQUEIRA
378,OLEGARIO MARIANO
379,HELIO VIANA
380,MINISTRO OSVALDO ARANHA
381,EUTALIA ENGRACIA DE ALMEIDA
382,DOLORES DURAN
383,NELSON HUNGRIA
384,CACILDA BECKER
385,AGRIPINO GRIECO
386,ROD ANEL RODOVIARIO CELSO MELLO AZEVEDO
387,JOSE DOS SANTOS
388,ITUETA
389,AGUANIL
390,ANTONIO FERREIRA
391,CALIXTO
392,MODESTINA DE SOUZA
393,JANAUBA
394,QUEOPS
395,DAS PIRAMIDES
396,MIQUERINOS
397,MONSENHOR JOAO RODRIGUES
398,AVELINO FOSCOLO
399,MADRE GERTRUDES COMENSOLI
400,EPHIGENIO SALLES VICTOR
401,ALBERT SCHARLE
402,JAYME SALES
403,CAUE
404,GUILHERME PINTO DA FONSECA
405,FREI GASPAR
406,VISCONDE DE CAIRU
407,DOM CAVATI
408,MANHUARA
409,CAREACU
410,BELO ORIENTE
411,COLUNA PRESTES
412,BALDIM
413,MONSENHOR MESSIAS
414,MADRE DOS ANJOS
415,JACANA
416,DOMINGOS CALDAS
417,SIDERAL
418,SERENO
419,OSCAR TROMPOWSKY
420,BENTO
421,MARCELO DE ARAUJO BRAGA
422,VEREDA DO PARAISO
423,GASTAO DA CUNHA
424,VIEIRAS
425,PORTO CARRERO
426,CACHOEIRA DE MINAS
427,RAJA GABAGLIA
428,PROFESSOR BARONI
429,ANITA GARIBALDI
430,BERNARDINO DE CAMPOS
431,NASCIMENTO GURGEL
432,EDUARDO PRADO
433,BENJAMIM JACOB
434,CESAR CAMPOS
435,DOUTOR SETTE CAMARA
436,DA ASSEMBLEIA
437,MANOEL COUTO
438,PERDIGAO MALHEIROS
439,JOSE CAVALLINI
440,GENTIOS
441,IRAI
442,MIRANDA RIBEIRO
443,ALVARO SANTOS
444,MADRE CANDIDA
445,COSTA PINTO
446,CONDE DE LINHARES
447,DONATO DA FONSECA
448,OLIMPIO DE ASSIS
449,JOSAFA BELO
450,MARIA JOSE ASSUMPCAO
451,SACADURA CABRAL
452,TOMBADOR
453,REGIA
454,SANTAREM
455,DOS ANGELINS
456,PALMEIRA IMPERIAL
457,GREVILEA
458,MOGNO
459,TAMBU
460,SERINGUEIRA
461,JAIBA
462,JUATUBA
463,PINTO MARTINS
464,BARAO DE SABARA
465,CONDE DE LUMINARES
466,MONSENHOR PAULO
467,HILARINO BENEDITO MALTA
468,THEOFILO VIEIRA
469,ONZE DE ABRIL
470,ONZE DE AGOSTO
471,BARAO HOMEM DE MELO
472,PROFESSOR DOMINGOS GANDRA
473,PROFESSOR TAVARES PAES
474,PROFESSOR ARTHUR VELLOSO
475,SANTOS
476,TEOFILO FILHO
477,EST DO CERCADINHO
478,JARDIM AMERICA
479,CORCOVADO
480,TIBIRICA
481,CURITIBANOS
482,CONSELHEIRO JOAQUIM CAETANO
483,PARAOQUENA
484,MARACAJU
485,JABOTICABAL
486,PEPERI
487,BEC ALICE
488,SAUL
489,MUNIZ
490,VIRGINOPOLIS
491,HELIOTERIO
492,GUSTAVO CANDIDO DE SOUZA
493,DOZE DE MAIO
494,ONZE DE NOVEMBRO
495,DEZENOVE DE DEZEMBRO
496,TREZE DE SETEMBRO
497,ONZE DE SETEMBRO
498,QUATRO DE JULHO
499,ONZE DE DEZEMBRO
500,QUATRO DE MAIO
501,DO ENSINO
502,EFIGENIA MIRANDA SCHETTINO
503,ELISEU RESENDE
504,ITAMAR TEIXEIRA
505,OTALIA BEATRIZ
506,CAPITAO FARIA
507,SEIS
508,AMUR
509,MECA
510,ALAIR PEREIRA DE MELLO
511,A QUATRO
512,TRES
513,SENADOR LUCIO BITENCOURT
514,PADRE FLAVIO
515,TERESA CRISTINA
516,POHLIG HECKEL
517,DEMIZA
518,DO FELICISSIMO
519,AMANDA
520,CAMPOS SALES
521,JOSE DE ALENCAR
522,BATES DO BRASIL
523,MAL.CASTELO BRANCO
524,LUMINOSA
525,ITATIBA
526,JABOATAO
527,GLORIOSA
528,CARLOS SCHETTINO
529,MIGUEL MOYSES
530,MIGUEL GENTIL
531,NICIAS CONTINENTINO
532,JOSUE MENEZES
533,DOM OSCAR ROMERO
534,CAVIANA
535,CAPIBERIBE
536,GUARATAN
537,SALVADOR PILO
538,PLATINA
539,SILVA LOBO
540,NILO ANTONIO GAZIRE
541,PAULO PIEDADE CAMPOS
542,PROFESSOR MARIO WERNECK
543,MARIA HEILBUTH SURETTE
544,ELI SEABRA FILHO
545,HENRIQUE BADARO PORTUGAL
546,JOSE RODRIGUES PEREIRA
547,ENGENHEIRO CARLOS GOULART
548,PAULO ARBEX
549,JOSE JORGE FONTE BOA
550,MARIA BEATRIZ
551,CINQUENTENARIO
552,BENJAMIN FLORES
553,JORNALISTA JOAO BOSCO
554,CARDEAL ARCO VERDE
555,JOAO PIRES
556,FRANCISCA CANDIDA
557,CANDIDO DE SOUZA
558,CIPRIANO DE CARVALHO
559,CAMANDUCAIA
560,CONSELHEIRO CARNEIRO DE CAMPOS
561,MAGI SALOMON
562,GARRET
563,VIAMAO
564,CAMPOS ELISEOS
565,SANTA CRUZ
566,IRIDIO
567,PILAR
568,BARBOSA DE REZENDE
569,MEM DE SA
570,LUDGERO DOLABELA
571,ALVARES CABRAL
572,CARLOS CHAGAS
573,JOAO PINHEIRO
574,DA LIBERDADE
575,CRISTOVAO COLOMBO
576,GRAO MOGOL
577,DO URUGUAI
578,ROTARY CLUB
579,DOS BANDEIRANTES
580,DEPUTADO RENATO AZEREDO
581,ENGENHEIRO CAETANO LOPES
582,NOVA ERA
583,PROFESSOR MELLO CANCADO
584,SANTOS BARRETO
585,GENERAL DIONISIO CERQUEIRA
586,GENERAL ANDRADE NEVES
587,PEDRO SIGAUD
588,FREDERICO NOGUEIRA
589,CATETE
590,CONTRIA
591,CANDIDO NOGUEIRA
592,HENRIQUE BURNIER
593,XAPURI
594,AFONSO ARINOS
595,ZURICK
596,DIABASE
597,DOS PAMPAS
598,JOAO LUCIO BRANDAO
599,RIO GRANDE DO SUL
600,DOS GUAJAJARAS
601,SANTA CATARINA
602,RIO GRANDE DO NORTE
603,HENRIQUE PASSINI
604,ANGUSTURA
605,SERRANOS
606,TRIFANA
607,ITUIUTABA
608,PARAGUACU
609,JUSCELINO BARBOSA
610,PAULO SIGAUD
611,FAUSTO ALVIM
612,GENEBRA
613,SAO LOURENCO
614,PERNAMBUCO
615,CARANDAI
616,PARAGUASSU
617,UBARI
618,MARIA MACEDO
619,TURQUESA
620,MARANGUAPE
621,CUIABA
622,SELENIO
623,ATENAS
624,TRES CORACOES
625,MONSENHOR HORTA
626,DOUTOR CARLOS MARQUES
627,OESTE
628,CONSELHEIRO DANTAS
629,CARLOS VILLANI
630,CHOPIN
631,TURFA
632,PASSA TEMPO
633,FRANCISCO DESLANDES
634,MARINO MENDES CAMPOS
635,MONTES CLAROS
636,TURMALINA
637,BRUMADINHO
638,JOAO DA CUNHA
639,GONCALVES DIAS
640,ROD BR TREZENTOS E CINQUENTA E SEIS
641,ROD STAEL MARY BICALHO MOTTA MAGALHAES
642,TRE DO BIOCOR
643,MINISTRO OROZIMBO NONATO
644,ALA MILTON CAMPOS
645,ALA DA SERRA
646,ALA DA PAISAGEM
647,LUIZ PAULO FRANCO
648,PAULO CAMILO PENA
649,CELSO PORFIRIO MACHADO
650,DO CAMPO
651,DO VALE
652,DA VEREDA
653,CORONEL FREIRE FARIA
654,DO SERTAO
655,FRANKLIN FIGUEIREDO
656,CAMAPUAN
657,FRANCISCO SA
658,TOMPSON FLORES
659,ITAPARICA
660,HERVAL
661,MONTE SIAO
662,CHEFE PEREIRA
663,CICERO FERREIRA
664,BERNARDO GUIMARAES
665,MATIAS CARDOSO
666,JUIZ DE FORA
667,DOM LARA
668,SENADOR LEMOS
669,PARACAIMA
670,CONSELHEIRO CIPRIANO SOARES
671,MAQUINE
672,PORUINA
673,MONTE SIMPLON
674,BETA
675,ACUCENAS
676,LINDOLFO DE AZEVEDO
677,JACAREPAGUA
678,BARBACENA
679,RODRIGUES CALDAS
680,OUTONO
681,MACEIO
682,VITORIO MARCOLA
683,JORNALISTA JAIR SILVA
684,CABO VERDE
685,MESTRE LUCAS
686,BOTUROBI
687,GAVEA
688,JOSE FURTADO NUNES
689,JOAO ROLLA FILHO
690,CAETANO PIRRI
691,JOSE DE OLIVEIRA
692,DOS ATLETICANOS
693,OLINTO MEIRELES
694,JOAO XXIII
695,AVAI
696,HERACLITO MOURAO DE MIRANDA
697,ATLANTIDA
698,OTACILIO NEGRAO DE LIMA
699,PAULO GUSTAVO DO VALE
700,ORSI CONCEICAO MINAS
701,FABIO DE ARAUJO MOTTA
702,ANTONIO FRANCISCO LISBOA
703,BRAUNAS
704,JUIZ JOSE NAVES
705,DA OLARIA
706,DONA MARIA SENHORA
707,OITOCENTOS E SESSENTA E DOIS
708,AURELIO LOPES
709,GERALDO MOREIRA DA SILVA
710,EST DO JATOBA
711,HOFFMAN
712,SOLAR
713,NACOES UNIDAS
714,DA FORTUNA
715,ARI ABILIO FERREIRA
716,JOAO BATISTA BELFI
717,OITO
718,TADEU LIBERATO DE CARVALHO
719,BENEVIDES FIRMINO SANTOS
720,DEPUTADO ANTONIO LUNARDI
721,C
722,MARCELO ROBSON DOS SANTOS
723,DO FAROL
724,DOIS
725,ODETE FERNANDES CAMPOS
726,PERIMETRAL
727,COLETORA
728,OTAVIANO DE CARVALHO
729,ABILIO RODRIGUES PEREIRA
730,IRACI SANSAO
731,JOSE ROBERTO FRAGA
732,COLETORA DOIS
733,JOAO FIRMINO LUZIA
734,H
735,NAIR CAMILLO DOS REIS
736,GLORIA NAS ALTURAS
737,CORREGO DA MATA
738,SERRA JOSE VIEIRA
739,SERRA DO ROLA MOCA
740,MANOEL PEREIRA JUNIOR
741,PASTOR JOSE BATISTA
742,JOSE CARLOS DE SOUZA
743,ELIANA SILVA
744,SEBASTIAO DOS SANTOS
745,GENESIO LOPES DE CARVALHO
746,TREM DE FERRO
747,MARIA TERESA LEMOS
748,SILVA GUIMARAES
749,JULIO MESQUITA
750,NELIO CERQUEIRA
751,LUPERCIO PAIXAO
752,ANTONIO EUSTAQUIO PIAZZA
753,AFONSO VAZ DE MELO
754,SINFRONIO BROCHADO
755,DEPUTADO ALVARO ANTONIO
756,VISCONDE DE IBITURUNA
757,CABO VALERIO SANTOS
758,DO CANAL
759,BRAULIO GOMES NOGUEIRA
760,CAETANO DE VASCONCELOS
761,MAIRIPORA
762,SERRADOR
763,CORONEL ANTONIO PEREIRA DE MATOS
764,DOUTOR GERALDO STARLING SOARES
765,ANTONIO DE SOUZA GOMES
766,BEC A
767,FLEMIDARK
768,PAULO DUARTE
769,IPE FLORIDO
770,COLUNA DO MEIO
771,RENATO TARSIA
772,SERRA DA AGUA QUENTE
773,ALICE TERAIAMA
774,FRANCISCO ILDEU DA FONSECA
775,SAO PEDRO DA ALDEIA
776,RIO DAS FLORES
777,SAO JOAO DE MERITI
778,TRES RIOS
779,ITABORAI
780,VINTE E UM DE ABRIL
781,SETE
782,PROFESSOR MORAES
783,PROFESSOR OTILIO MACEDO
784,DOS MOICANOS
785,JERONIMO MARCUCCI
786,SENADOR LEVINDO COELHO
787,CARLOS PINTO COELHO
788,AGENOR NONATO DE SOUZA
789,FRANCISCO MARTINS MARQUES
790,ENGRACIA COSTA E SILVA
791,OTAVIANO RODRIGUES DE SOUZA
792,NARCISA PEREIRA
793,CECILIA MARIA DA SILVA
794,HAYDEE ABRAS HOMSSI
795,SOLFERINA RICCI PACE
796,CINQUENTA E SEIS
797,ROMERO GOMES VIEIRA
798,LUIS AUGUSTO CRUZ
799,RAIMUNDA DOS SANTOS FERREIRA
800,JOSE LUIS RASO
801,OSCAR GALDINO
802,GERALDO ROSA FILHO
803,JOAO RODRIGUES GONCALVES
804,ANTONIO SANTOS VIANA
805,RAIMUNDO EDUARDO DA SILVA
806,SERRINHA
807,MARIETA PULQUERIA DE JESUS
808,JOSE DE ALMEIDA NETTO
809,HUGO WERNECK
810,BRASIL
811,TOME DE SOUZA
812,XIMANGO
813,FLAMENGO
814,MARABU
815,FALCAO
816,ALA GRAUNA
817,FAISAO
818,DOUTOR CRISTIANO REZENDE
819,MENELICK DE CARVALHO
820,ERIDANO
821,VDT CINQUENTA E OITO
822,PROFESSOR JORGE LAGE
823,JOSE CLAUDIO REZENDE
824,DOS AMERICANOS
825,JOAQUIM TEIXEIRA DE MORAIS
826,ALA LOUZAK
827,ALA TANGARA
828,GRAUNAS
829,DOCEMASTE
830,JABIRU
831,SAO GERALDO
832,TRE WALDYR SOEIRO EMRICH X ANEL RODOVIARIO
833,OLENKA DIAS BICALHO
834,JOSE PITANGUI FERRAZ
835,MARQUES DA SILVA
836,MARIO COUTINHO
837,AGULHAS NEGRAS
838,GOVERNADOR ISRAEL PINHEIRO
839,SALOMAO DE VASCONCELOS
840,JOSE DE PATROCINIO PONTES
841,MILTON CAMPOS
842,LUCIANA CATEB
843,BOAVENTURA COSTA
844,ALPES
845,OURO PRETO
846,PARACATU
847,MENOTTI MUCCELLI
848,A
849,MARGINAL
850,GOVERNADOR BENEDICTO VALLADARES
851,CID REBELO HORTA
852,VDT DEPUTADO ULYSSES GUIMARAES
853,VDP TRES MIL NOVECENTOS E NOVENTA E SETE
854,CHRISTINA MARIA ASSIS
855,JOAO BATISTA VIEIRA
856,DAS OSTRAS
857,SENADOR MILTON CAMPOS
858,MARTINS FONTES
859,DOUTOR ZEFERINO MOTA
860,FARIAS BRITO
861,LAFAIETE BRANDAO
862,DONA LALA FERNANDES
863,ALFREDINA AMARAL
864,NOSSA SENHORA APARECIDA
865,AMILCAR CABRAL
866,DONA LUIZA
867,MARINGA
868,EDUARDO CARLOS
869,HERCILIA GOMES
870,GUIA LOBO
871,DAVID FONSECA
872,SERVILIO DE MORO
873,SABINO JOSE FERREIRA
874,SERGIO NAPOLES FONSECA
875,DONA IRACEMA
876,FRANCISCO FALEIRO LOPES
877,ORLANDO NOGUEIRA
878,VIRGINIA DE MATOS
879,ADELIA CARMEN DA SILVA
880,LUIZA PIRRI
881,TEOFILO CASTILHO
882,LICINIO PORTO
883,ARISTIDES FERREIRA DE CASTRO
884,DIRAMIR LOUREIRO
885,RUBIO FERREIRA E SOUZA
886,MINERVA
887,JOSE MARIA DO NASCIMENTO
888,SEBASTIAO PEREIRA DE OLIVEIRA
889,MARIA PETERS
890,JOSE VALERIO MENDES
891,ANA RAFAEL DOS SANTOS
892,DARIO FERREIRA MENDES
893,JOSE PEDRO DE BRITO
894,DOUTOR FRANCISCO SILVEIRA
895,FREDERICO BOY PRUSSIANO
896,PROFESSORA DIRCE MARIA
897,ELAINE CRISTINA DA SILVA
898,DAS AGUAS
899,HERMINIO FERREIRA PINTO
900,VEREADOR ANTONIO MENEZES
901,CHAFARIZ
902,MARIZA AFONSO
903,FLOR DE PITANGUEIRA
904,FIDELCINO COSTA
905,ANA PAULA DE JESUS
906,RAIMUNDO PEDRO RODRIGUES
907,MARIA RITA BORGES
908,PACIFICO CARDOSO DE ANDRADE
909,CARLOS HENRIQUE DE SOUZA
910,MARIA FRANCISCA DA SILVA
911,DOIS MIL SEISCENTOS E QUARENTA E UM
912,CINCO
913,FLOR DE UMBA
914,MARIA ANTONIETA FERREIRA
915,JOANICO CIRILO DE ABREU
916,LINDA BATISTA
917,MINAS GERAIS
918,ALAGOAS
919,RONDONIA
920,MARIA NATIVIDADE
921,PARANA
922,CARMELITA COELHO DA ROCHA
923,FREI ALBINO ARESI
924,TRES MIL SEISCENTOS E SETENTA E UM
925,GABRIELA LEITE ARAUJO
926,WILSON DE OLIVEIRA
927,MARCIA DE WINDSOR
928,D
929,GUDESTEU PIRES
930,ALVARO DA SILVEIRA
931,JOAO MACHADO
932,DEPUTADO JOSE RAIMUNDO
933,JOSE GONCALVES
934,VIRTULINO PINTO RIBEIRO
935,EXTREMOSO
936,JERIBA
937,PASSIFLORA
938,AZEVINHO
939,OLARIA DO BARREIRO
940,MADRE PAULINA
941,DONA AMBROZINA
942,AMILCAR QUINTELA
943,MARIA ELIZABET PESSOA
944,MATILDES AUGUSTA DE JESUS
945,BOLIVAR CORREA DE FARIA
946,ALCINA LIMA DRUMMOND
947,JOAO VICENTE DE MOURA
948,ALADIN CORREA DE FARIA
949,JOSE DOS SANTOS LAGE
950,FRANCISCO DUARTE MENDONCA
951,DEBORAH MARIA CRUZ
952,JOAQUIM DE FIGUEIREDO
953,JOSE FORCAL
954,MARIA AMELIA MELLO
955,BALTAZAR PYRAMO
956,PADRE ALFREDO SABETTA
957,JOSE FALEIRO
958,JOAO NOLA
959,ARTHUR LUCCHESI
960,JOAO BRAGA DE MOURA
961,CARLOS DO CARMO
962,SAO PAULO DA CRUZ
963,PINHEIRO CHAGAS
964,BENJAMIM DIAS
965,ALCINDO VIEIRA
966,DOMICIANO VIEIRA
967,CAETANO DE AZEREDO
968,TRES DE MAIO
969,MARIO ROCHA CASTRO
970,HELENA DE OLIVEIRA
971,ALFREDO HERDY DE CARVALHO
972,LUIZ CARLOS RIBEIRO
973,ALCINDO GONCALVES COTTA
974,CARMELITA INDIA DO BRASIL
975,CORACAO DE JESUS
976,RISOLETA FERNANDES
977,CORONEL ANTONIO FERREIRA DO PRADO
978,DONA JUDITH DE MORAIS E BARROS
979,ANA DE FREITAS
980,HAMILTON
981,CORONEL DURVAL DE BARROS
982,DAS PETUNIAS
983,DAS PERPETUAS
984,MANJERICAO
985,ADERBAL RODRIGUES VAZ
986,FABIANO TAYLOR
987,MANOEL PAULINO
988,ANTONIO SIMIAO DA COSTA
989,PONTA GROSSA
990,PARAMIRIM
991,CONEGO CALDEIRA BRANT
992,BUENO DE RIVERA
993,ANTONIO PRACA PIEDADE
994,MOREIRA PINTO
995,CARMELA ALUOTTO
996,CLEMENTINA DE JESUS
997,ALFREDO GUZELHA
998,GILBERTO FREIRE
999,B
1000,ROBSON GUIMARAES
1001,LIBERDADE
1002,JOSE EDUARDO MOREIRA
1003,MANESMANN
1004,CRISTO REDENTOR
1005,AFONSO TEIXEIRA DIAS
1006,JEREMIAS
1007,ALFREDO GUZELLA
1008,DOS CRUZEIRENSES
1009,BOMBOCA
1010,BOA VISTA
1011,CRISTIANO DE ALMEIDA
1012,PAVAO
1013,ATLANTA
1014,OPERA
1015,JARDIM FLORESTAL
1016,PELICANO
1017,COMENDADOR JOSE FARAH
1018,INHAMBU
1019,JOSE VERANO DA SILVA
1020,MODESTINO SALES BARBOSA
1021,JESUS CRISTO
1022,CAIO VIANA MARTINS
1023,BANDEIRA DO SUL
1024,VDT SEBASTIAO GUILHERME DE OLIVEIRA
1025,GARCIA RODRIGUES
1026,VISCONDE OURO PRETO
1027,PADRE MACHADO
1028,DOS GUARANIS
1029,ARQUITETO MORANDI
1030,AMERICO MAGALHAES
1031,SOUZA MAGALHAES
1032,LUCIO DOS SANTOS
1033,JOSE LUIZ DIAS DUARTE
1034,ITIUBA
1035,CARIRI
1036,PITOMBA
1037,SANTA ALEXANDRINA
1038,OLHOS D AGUA
1039,LISIO BARRETO
1040,SANTA CLAUDIA
1041,CARANCHO
1042,CACATUA
1043,BRASITALIA
1044,CAMPO GRANDE
1045,BENEDITO SANTOS
1046,ANTONIO TEIXEIRA DIAS
1047,PARANAN
1048,NANA
1049,MAURILIO GOMES DA SILVEIRA
1050,JOSE PAULO SOUZA
1051,VICENTE PIMENTEL
1052,RAIMUNDO FERREIRA PINTO
1053,IRINEU GARCIA DE OLIVEIRA
1054,DOUTOR HANS PETER KIERNFF
1055,JOSE DUTRA FILHO
1056,QUATRO
1057,JOAQUIM TEIXEIRA DIAS
1058,CRECIUMA
1059,SAO TOME
1060,DOMINGOS MANCINI
1061,BASE
1062,PROFESSOR LUIZ BICALHO
1063,BERNADETH JOSEPHINA DOS REIS
1064,TRIUNFO
1065,CLEUSA MARIA DA SILVA
1066,CARLOS SOARES SILVA
1067,DO IPE ENCANTADO
1068,CORONEL EUDOXIO JOVIANO
1069,JOAO CANDIDO
1070,ITALO DINELI
1071,ROSA ROCHA CORDEIRO
1072,BARAO DO MONTE ALTO
1073,ITAPETININGA
1074,GILMAR PEREIRA ROSA
1075,ROBERTO BARBOSA FILHO
1076,MANOEL SALLES BARBOSA
1077,CHAQUIBE HASSAN SOUKI
1078,KENNEDY
1079,DOUTOR GERVASIO GONCALVES BARBOSA
1080,NILOPOLIS
1081,SETE DE SETEMBRO
1082,UM
1083,PROFESSOR ADHEMAR FERREIRA
1084,SIGMUND WEISS
1085,AMADEO LORENZATO
1086,JUGURTA ANATOLIO LIMA
1087,ADELAIDE ROCHA
1088,JOSE DO MONTE
1089,DJALMA VIEIRA CRISTO
1090,DELFINO FRANCISCO XAVIER
1091,JOSE AMARO CAETANO
1092,ANTONIO TEREZINO
1093,SIRIUS
1094,AGUIA
1095,CRUZEIRO DO SUL
1096,TRES MARIAS
1097,F
1098,JOSE OVIDIO GUERRA
1099,TUCURUI
1100,URUÃ‡ANGA
1101,BRUSQUE
1102,ALVARO FERREIRA CARDOSO
1103,AUGUSTO DEGOIS
1104,ANTONIO EUSTAQUIO PINHEIRO
1105,CINEASTA HUMBERTO MAURO
1106,DEPUTADA IVETE VARGAS
1107,ROBERTSON PINTO COELHO
1108,ALEIXO LOURENCO DE GOUVEIA
1109,INTERSINDICAL
1110,SOLIDARIEDADE
1111,FLAVIO DE OLIVEIRA
1112,LUCAS DE CARVALHO SANTOS
1113,W CINCO
1114,S DOIS
1115,ULISSES SURETTE
1116,VOLTA REDONDA
1117,ADOLFO CIOLETTI
1118,LUIZ PONGELUPE
1119,W TRES
1120,FABIOLA LEMOS NAVES
1121,MACHADO DE ASSIS
1122,GOIAS
1123,SERGIPE
1124,CEARA
1125,PROFESSOR EDMUNDO FONTENELLE
1126,MONSENHOR NOGUEIRA DUARTE
1127,JULITA NOGUEIRA SOARES
1128,CONGONHAL
1129,RESSACA
1130,BOM JESUS DA PENHA
1131,ALEXANDRE MOTERANI
1132,CONCEICAO DA APARECIDA
1133,SANTA TEREZINHA
1134,POVOA DE VARZIM
1135,SENA MADUREIRA
1136,APUCARANA
1137,MONTEIRO LOBATO
1138,CONCEICAO DO MATO DENTRO
1139,PRESIDENTE CARLOS LUZ
1140,PROFESSOR JOSE VIEIRA DE MENDONCA
1141,VDT SARAH KUBITSCHEK
1142,MOHAMED V
1143,MANTENA
1144,ESTANISLAU FERNANDES
1145,FLEMING
1146,COLONITA
1147,FLORENCA
1148,JOAO EVANGELISTA
1149,CASTELO GUIMARAES
1150,CASTELO MOURA
1151,CASTELO DE LISBOA
1152,CASTELO DE ALCAZAR
1153,CASTELO DE FARO
1154,MIGUEL PERRELA
1155,CASTELO DA BEIRA
1156,CASTELO SETUBAL
1157,CASTELO DE ALENQUER
1158,PRESIDENTE TANCREDO NEVES
1159,AZIZ ABDI
1160,ANTENOR PRATA
1161,DEPUTADO ANDRE DE ALMEIDA
1162,PROFESSOR DOMICIO MURTA
1163,MANOEL ELIAS DE AGUIAR
1164,URARIRAMA
1165,EXPEDICIONARIO JOSE ASSUMPCAO DOS ANJOS
1166,EXPEDICIONARIO NORALDINO ROSA DOS SANTOS
1167,EXPEDICIONARIO MARIO ALVES DE OLIVEIRA
1168,ALFREDO CARAMATTI
1169,JORNALISTA WILSON ANGELO
1170,EXPEDICIONARIO BENVINDO BELEM DE LIMA
1171,PEDRO CARAM ZUQUIM
1172,CASTELO DE SAO JORGE
1173,CASTELO DE WINDSOR
1174,CASTELO DE SINTRA
1175,JONAS VANUCCI LINS
1176,MAURO COURA MACEDO
1177,PROFESSOR MARCOS RUBINGER
1178,CARBONITA
1179,OLAVO BRASIL JUNIOR
1180,CERRO AZUL
1181,JOAQUIM MACHADO
1182,BELARMINO DE SOUZA
1183,XANGRILA
1184,THEREZINHA BRANDAO RESENDE
1185,CLEONICE CAMPI MURTA
1186,SICILIA
1187,BRASILEIA
1188,FRANCISCO ADOLFO VIANNA
1189,BARROSO
1190,VDT NANSEN ARAUJO
1191,BONFIM
1192,PAQUEQUER
1193,DO TREVO
1194,BRAZ BALTAZAR
1195,CATUMBI
1196,DESEMBARGADOR TORRES
1197,PETROPOLIS
1198,ESTANISLAU PEDRO BOARDMAN
1199,FATIMA
1200,FILADELFIA
1201,NOSSA SENHORA DO CARMO
1202,MANOEL FERREIRA CARDOSO
1203,DIRCEU DUARTE BRAGA
1204,JOSE SIMPLICIO MOREIRA
1205,JULIO DE CARVALHO
1206,ANTONIO DE CASTRO E SILVA
1207,LADISLAU AZEREDO COUTINHO
1208,NESTOR VILELA LIMA
1209,DOMINGOS COSTA REZENDE
1210,MUSSI ELIAS ABUID
1211,FLAVIO DE ARAUJO MOTTA
1212,EXPEDICIONARIO CELSO RACIOPPI
1213,JOAO MOREIRA DA ROCHA
1214,GUARDA CUSTODIO
1215,ITAPECERICA
1216,FORLUMINAS
1217,DEZENOVE
1218,MARCIANO JOSE DE SOUZA
1219,JOSE ALDAIR
1220,GERALDO MARTINS DA SILVA
1221,ANA NAZARETH DE OLIVEIRA
1222,PEDRO MOREIRA DO NASCIMENTO
1223,JOSE NELSON ANDRE
1224,RADIALISTA EMILIO CURTIS
1225,RADIALISTA AUGUSTO NETO
1226,RADIALISTA MARGARIDA MACIEL
1227,JOSE ROCHA PAIXAO
1228,ANA DE ALVARENGA CAMPOS
1229,HELGA TAVEIRA DE SOUZA
1230,HORACIO TERENA GUIMARAES
1231,ALFREDO CAMARATE
1232,JOSE OLEGARIO PIMENTEL
1233,WILSON TAVARES RIBEIRO
1234,JESUINA FERRAZ DOS SANTOS
1235,A CINCO
1236,ALBERTINO TEIXEIRA DIAS
1237,UM MIL SETECENTOS E VINTE QUATRO
1238,APARECIDA FEITOSA FURTADO
1239,ANTONIO ARAUJO PENIDO
1240,NACYR DE OLIVEIRA
1241,CALUMBI
1242,RENANEA
1243,ANTONIO FLORES
1244,IPAMERI
1245,DA FE
1246,CAIAPONIA
1247,CORONEL SIEBRA DE BRITO
1248,AMOR DO CAMPO
1249,DOS JARDINS
1250,ONZE
1251,SOLON CARDOSO NAVES
1252,CANA DA INDIA
1253,EST DO SANATORIO EDUARDO DE MENEZES
1254,TRV F
1255,DOZE
1256,TREZE
1257,PASTOR FRANCISCO PESSOA
1258,PAULINIA
1259,TABOAO DA SERRA
1260,VIRGOLINO MOTTA
1261,DA SE
1262,DA LUZ
1263,VALINHOS
1264,IBIRAPUERA
1265,DA ACLIMACAO
1266,VINHEDO
1267,APOLO
1268,PRES.CASTELO BRANCO
1269,LOUIZ ENSCH
1270,TRE TRES MIL NOVECENTOS E CINQUENTA E TRES
1271,UBERABA
1272,VDT DO BAIRRO CAMARGOS
1273,VDT SANTA MARGARIDA
1274,MARIA PEREZ BALESTEROS
1275,MAJOR CLARINDO DE PAIVA
1276,TINGUI
1277,EXPEDITO DE FARIA TAVARES
1278,CARAPICUIBA
1279,MAURO GONCALVES
1280,ELIZEU DE LANA CARNEIRO
1281,CHAPEU DE SOL
1282,CORONEL NEWTON BARBABELA
1283,BEC DAS ANTENAS
1284,GUIDO BARTOLOMEU MAGALHAES
1285,VDT ENGENHEIRO ANDRADE PINTO
1286,DONA MARIA DA CONCEICAO
1287,JOSE GONCALVES BARBOSA
1288,DOIS MIL CENTO E TRINTA E CINCO
1289,WARLEY APARECIDO MARTINS
1290,VIA GERALDO DIAS
1291,R
1292,PASCHOAL COSTA
1293,FLOR D AGUA
1294,FLOR DA NOITE
1295,FLOR DA MADEIRA
1296,FLOR DA PAIXAO
1297,FLOR DA NOIVA
1298,FLOR DAS PEDRAS
1299,ALIPIO DE MELO
1300,MANOEL BANDEIRA
1301,JOSE CANDIDO DA SILVEIRA
1302,ALENCAR FERREIRA DE CARVALHO
1303,MARCELINO FERREIRA
1304,CORONEL ALBERTO GOMES
1305,BEATRIZ RANIERI
1306,GAVINO MUDADO FILHO
1307,FRANCISCO RODRIGUES DE MIRANDA
1308,MARIA FERREIRA DA SILVA
1309,SANTA ALIANCA
1310,MARIA APARECIDA
1311,DOS PARTIDOS
1312,LAGO
1313,MIGUEL ARCANJO PARREIRAS
1314,SANTO ALBERTO
1315,SANTA AMELIA
1316,RIO DE JANEIRO
1317,ANTONIO PIO CARDOSO
1318,HILO ESTEVAM DE ANDRADE
1319,FLOR DE VIDRO
1320,FLOR BRANCA
1321,CORONEL LAURO PIRES
1322,GUSTAVO DA SILVEIRA
1323,CONCEICAO DO PARA
1324,MARIETA MELLO DE AZEVEDO
1325,JOAQUIM JOSE DINIZ
1326,PAULISTA
1327,DORESOPOLIS
1328,EX COMBATENTE JOAQUIM ZEFERINO
1329,JOSE SERGIO DE PAULA
1330,ASSUNCAO DE MARCO TEIXEIRA
1331,PROFESSOR NARDELLI BEMFICA
1332,JORNALISTA LENA SANTOS
1333,JOSE MOURAO
1334,BOLIVIA M VIANA
1335,LAURO GOMES VIDAL
1336,DNAR MENDES FERREIRA
1337,ETEL NOGUEIRA DE SA
1338,NIZIO TORRES
1339,MARIANA OLIVEIRA TAVARES
1340,RAMIRO ATHANASIO DE SOUZA
1341,ALUIZIO DAVIS
1342,ENGENHO DO SOL
1343,FLOR DO BAILE
1344,JOSE MOREIRA BARBOSA
1345,ISABELLA JARDIM
1346,HERCULANO SOARES ROCHA
1347,SEBASTIAO SANTANA FILHO
1348,JORNALISTA MAURO ALMEIDA
1349,TEODORO DOS REIS
1350,LIDIA AVELAR ESTANISLAU
1351,ROD MG CINCO
1352,ANTONIO MARZINETTI
1353,JOSE FARIA TAVARES
1354,DESEMBARGADOR PAULO MOTA
1355,JOSE AMARAL
1356,JULIO SOARES SANTANA
1357,OSORIO DE MORAIS
1358,SERGIO MIRANDA MOREIRA
1359,AUGUSTO PASSOS MAIA
1360,DESEMBARGADOR PEDRO LICINIO
1361,PERSIO BABO DE REZENDE
1362,JOAO ANTONIO CARDOSO
1363,ENGENHEIRO JORGE MANSUR
1364,CARLOS FREDERICO CAMPOS
1365,DESEMBARGADOR ALARICO BARROSO
1366,ANGATURAMA
1367,JOAQUIM GOUVEIA
1368,MANOEL ALEXANDRINO
1369,ANA PEREIRA MENEZES
1370,WALTER IANNI
1371,ANAPURUS
1372,GENERAL ASTOLFO FERREIRA MENDES
1373,PARINTINS
1374,DA REDE
1375,CODAJAS
1376,LORETO
1377,JOSE TOLEDO DE OLIVEIRA
1378,SAO JOAO DA SERRA
1379,MOMBACA
1380,CONCEICAO DAS ALAGOAS
1381,MARICA
1382,PEDRA LAVADA
1383,SAO VICENTE
1384,CANTO DO BURITI
1385,POCO BRANCO
1386,ARNALDO BUENO AZEVEDO
1387,ANTONIO AUGUSTO DA SILVA
1388,JOAQUIM HENRIQUES CARDOSO
1389,AYRES DA MATA MACHADO
1390,HENFIL
1391,JOSE GOMES
1392,MARIA FELICIA
1393,PEQUERI
1394,DOUTORA DENISE
1395,ILHA DE MALTA
1396,AMARAJI
1397,SALOA
1398,SAO GABRIEL
1399,PEDRA GRANDE
1400,DOS FERREIROS
1401,CONCEICAO DO CANINDE
1402,SANTA LEOPOLDINA
1403,SANTA GERTRUDES
1404,DOS ABADES
1405,LAJEDO
1406,ZOLY FRANCA SILVA
1407,FRANCISCO DUMONT
1408,GUARABIRA
1409,CASTANHAL
1410,PENALVA
1411,MARFISA DE SOUZA RAPOSO
1412,LEE DIMIRIA MANSUR
1413,LOURENCO VOLPINI
1414,NILSE ALVES DA SILVA
1415,NUBIA REZENDE CAMPOS
1416,TRINTA E CINCO
1417,JOSE CONSTANTINO DOS SANTOS
1418,PAPA HONORIO III
1419,NOSSA SENHORA DA CONSOLACAO
1420,ANDIROBA
1421,DAS URSULINAS
1422,NOSSA SENHORA DO AMPARO
1423,DOS JACOBINOS
1424,MADRE DE DEUS
1425,DIVINA PASTORA
1426,JANAINA
1427,CLAUDIO OLIVEIRA NEVES
1428,ZIRCONIO
1429,ITAUNENSE
1430,STELLA CAMARGOS
1431,JOAQUIM GONCALVES PIMENTA
1432,IBITIRA
1433,CORONEL REMIGIO
1434,ARA
1435,GILKA MACHADO
1436,JULIA LOPES DE ALMEIDA
1437,LIMA CAMPOS
1438,ADONIAS FILHO
1439,TEOFILO DIAS
1440,JOAO ALPHONSUS
1441,EMILIO DE MENEZES
1442,MARIA
1443,OCARA
1444,JOSE CLAUDIO SANCHES
1445,ATALAIA
1446,SOCRATES ALVIM
1447,DOLOMITA
1448,ZITO SOARES
1449,NIOBIO
1450,ILMENITA
1451,TANTALITA
1452,VDT DOIS MIL NOVECENTOS E NOVENTA E CINCO
1453,DOUTOR ADALBERTO FABEL
1454,DESEMBARGADOR ALONSO STARLING
1455,SOARES NOGUEIRA
1456,GONCALVES DE SOUZA
1457,SERJOBES DE FARIA
1458,JOSE MOREIRA MOTA
1459,GENTIL PORTUGAL DO BRASIL
1460,PROFESSOR SILVEIRA NETO
1461,PROFESSOR ELOY DE MATTOS
1462,ENGENHEIRO ANTONIO DE FRANCO
1463,ESTER AUGUSTA RIBEIRO
1464,AGENERIO ARAUJO
1465,SILEX
1466,TITANIO
1467,PADRE LOPES CANCADO
1468,ARISTIDES JUNQUEIRA
1469,LESANDRO RESENDE FRANCO
1470,PASTOR MAMELIO FERREIRA
1471,DESEMBARGADOR PERBOYRE STARLING
1472,DOUTOR PEDRO ERNESTO
1473,DAS PRINCESAS
1474,CANDELARIA
1475,CORONEL CAMISAO
1476,QUILOMBO
1477,IMBIRUSSU
1478,TAPIRI
1479,DEL REY
1480,VDT PRESIDENTE COSTA E SILVA
1481,AMERICO VESPUCIO
1482,SERRA NEGRA
1483,CORONEL ANTONIO JUNQUEIRA
1484,EDUARDO LOPES
1485,AVELINO DOS SANTOS
1486,MARTINS ALVES
1487,NOVA FRIBURGO
1488,LEOPOLDINO DE OLIVEIRA
1489,GURUTUBA
1490,CAPITOLIO
1491,MIRAI
1492,LAMBARI
1493,MARIANA
1494,SETE LAGOAS
1495,QUINZE DE JUNHO
1496,ALEM PARAIBA
1497,ANTONIO ALEIXO
1498,ADALBERTO FERRAZ
1499,GUAPE
1500,BERNARDO CISNEIROS
1501,JOSE MARRA DE FREITAS
1502,BARAO DE COROMANDEL
1503,ALABANDINA
1504,RENATO NASCIMENTO
1505,MAMORE
1506,ANTONIO BATISTA JUNIOR
1507,VICENTINA COUTINHO CAMARGOS
1508,SANDOVAL CAMPOS
1509,PROFESSOR ADELMO LODI
1510,MELO TEIXEIRA
1511,AROEIRA NEVES
1512,AUGUSTO SOUZA COUTINHO
1513,JAGUARI
1514,PATROCINIO
1515,PECANHA
1516,PRESIDENTE ANTONIO CARLOS
1517,LAGOA SANTA
1518,DEPUTADO CLAUDIO PINHEIRO DE LIMA
1519,GALBA
1520,AVENTINO
1521,CAITITE
1522,REGIDA
1523,BERENICE PRATES
1524,GALILEU
1525,NICANOR CARVALHO
1526,SEVERO
1527,ANDRELANDIA
1528,VOLGA
1529,TUPINIQUINS
1530,AMINTAS JACQUES DE MORAES
1531,BABEL
1532,ASSIRIA
1533,JERUSALEM
1534,JUDA
1535,LUIS DIAS
1536,MARTIM AFONSO DE SOUZA
1537,VIRGILIO
1538,DA BANDEIRA
1539,MARIA DA SILVEIRA
1540,GUARARAPES
1541,RUBENS FERREIRA DA SILVA
1542,MAFRA
1543,EGITO
1544,CAMBE
1545,MARFIM
1546,ASSUMAR
1547,MUQUICABA
1548,ALINE
1549,MAJOR DELFINO DE PAULA
1550,SANTA JOSEFINA
1551,REIS DE ABREU
1552,MANOEL FERREIRA LEAL
1553,ARGEMIRO RODRIGUES DA SILVA
1554,CIRILO GASPAR DE ARAUJO
1555,DOS AIMORES
1556,MARANHAO
1557,CARLOS ETIENE DE CASTRO
1558,BERNARDO DE VASCONCELOS
1559,SANTA FRANCISCA
1560,AMIRO RODRIGUES CAMPOS
1561,CORONEL ASCENDINO COSTA
1562,GRANITO
1563,IPANEMA
1564,PRIMEIRO DE JULHO
1565,VINTE E CINCO DE AGOSTO
1566,APORE
1567,HESPERIA
1568,CANTAGALO
1569,PARANAIBA
1570,PROFESSOR LAIR RAMUSAT RENNO
1571,ENGENHEIRO FLAVIO GUTIERREZ
1572,JUVENTINO DIAS
1573,PROFESSOR OCTAVIO COELHO DE MAGALHAES
1574,ANGELINO BRUSCHI
1575,FIDES
1576,LUIS MONTEIRO
1577,JOSE BENEDITO ANTAO
1578,TRE TRES MIL SETECENTOS E VINTE E SEIS
1579,CEZAR GEORGE
1580,BELMIRO DE ALMEIDA
1581,POPULAR
1582,ARARIBA
1583,COLETOR CELSO WERNECK
1584,JOAO DE FREITAS
1585,PAULO AFONSO
1586,ABRE CAMPO
1587,TEIXEIRA DE FREITAS
1588,MARABA
1589,FORMIGA
1590,MANOEL MACEDO
1591,SAO CRISTOVAO
1592,JOSE BONIFACIO
1593,MARCAZITA
1594,CARATIA
1595,MADALENA
1596,EXPEDICIONARIO MISAEL DE FREITAS
1597,PROFESSOR FRANCISCO HENRIQUES
1598,DA ROLINHA
1599,DA COLEIRINHA
1600,ENCANTADO
1601,CAMPOS ALTOS
1602,ANHANGAI
1603,BELMIRO BRAGA
1604,MAGNOLIA
1605,ESPINOSA
1606,VINTE E CINCO DE DEZEMBRO
1607,DA PASSAGEM
1608,BENJAMIM GUIMARAES
1609,MIOSOTIS
1610,DALIA
1611,FREI ORLANDO
1612,ROSINHA SIGAUD
1613,CISPLATINA
1614,TEOTONIO MACIEL
1615,AGOSTINHO BRETAS
1616,ENGENHO DE DENTRO
1617,MEYER
1618,ATTILIO TURCI
1619,BANGU
1620,ZENITE
1621,MINERVA
1622,MIRASSOL
1623,CEDRO
1624,FIRMINO COSTA
1625,TOMAZ BRANDAO
1626,TRINTA E UM DE MARCO
1627,JULIA
1628,IMBIACA
1629,IBIRAPETINGA
1630,UBIRATA
1631,DOM JOSE GASPAR
1632,PADRE DEMERVAL GOMES
1633,DOM LUCIO ANTUNES
1634,DOM JOAO ANTONIO DOS SANTOS
1635,DOM PRUDENCIO GOMES
1636,DOS ESPORTES
1637,RESSACA
1638,PADRE VIEIRA
1639,MONTE LIBANO
1640,JORNALISTA DJALMA ANDRADE
1641,DICIOLA HORTA
1642,DA FONTE
1643,TRE DO BH SHOPPING
1644,PROFESSOR TITO NOVAIS
1645,CAPELA NOVA
1646,DOM JOAQUIM SILVERIO
1647,CORACAO EUCARISTICO DE JESUS
1648,JACUTINGA
1649,ITAPEMA
1650,JOAQUIM LINHARES
1651,JOAQUIM LUSTOSA
1652,CIDADE DO PORTO
1653,ODILON BRAGA
1654,GRAJAU
1655,DOM VITAL
1656,BAMBUI
1657,PRIMEIRO DE MARCO
1658,COMENDADOR VIANA
1659,ASCANIO BURLAMARQUE
1660,MANOEL MACHADO LOPES COELHO
1661,SENHOR BOM JESUS
1662,TERESINA
1663,URUGUAIANA
1664,ARACAJU
1665,DAS GARCAS
1666,CONSELHEIRO MATA
1667,MARCELO GOES MENICUCCI
1668,PROFESSOR CRISTOVAM DOS SANTOS
1669,AFONSO COSTA REIS
1670,MARACAJA
1671,VASSOURAS
1672,ARCEBURGO
1673,CAPARAO
1674,ABAETE
1675,JAGUARAO
1676,ANTONIO JOSE DE CARVALHO
1677,PRINCESA ELIZABETH
1678,DOUTOR PEDRO PINTO
1679,NADIR
1680,PROGRESSO
1681,DESEMBARGADOR TINOCO
1682,HENRIQUE GORCEIX
1683,JANDAIA
1684,JACARINA
1685,RIACHUELO
1686,INGAI
1687,MANHUMIRIM
1688,APA
1689,ENGENHEIRO GODOFREDO DOS SANTOS
1690,MANILA
1691,COSTA DO MARFIM
1692,GEORGIA
1693,PAULO DINIZ CARNEIRO
1694,HEITOR MENIN
1695,MARIA LUIZA SANTIAGO
1696,INDIANA
1697,JOAQUIM NABUCO
1698,ARACATI
1699,TOBIAS BARRETO
1700,DOUTOR GORDIANO
1701,SANTA QUITERIA
1702,FRANCISCO BICALHO
1703,ITARANA
1704,TALCITO
1705,SIENITA
1706,ITAGUAI
1707,PRAIA FORMOSA
1708,MACHADO NUNES
1709,CONSELHEIRO LUIZ BARBOSA
1710,YARA LUCIA
1711,ENGENHEIRO FELIPE CALDAS
1712,SANTA CECILIA
1713,DONA HELENA
1714,ALEXANDRE MATHIAS ALVES
1715,SANDRA
1716,JORGE CARONE
1717,SIDEROSE
1718,ALVARO ALVIM
1719,HENRIQUE DINIZ
1720,FREI CIPRIANO
1721,CONDE DE SARZEDAS
1722,PINHEIROS
1723,DIVISA NOVA
1724,SA REGO
1725,CONSELHEIRO CUNHA DE FIGUEIREDO
1726,FREI ANDREONI
1727,JORNALISTA LINCOLN GONCALVES
1728,GEROSINO PEREIRA DE ALMEIDA
1729,ARMANDO SERGIO DE AGUIAR
1730,JOSE DE ARAUJO FERNANDES
1731,ALEXANDRE SIQUEIRA
1732,CONSELHEIRO SARAIVA
1733,AMPARO
1734,HENRIQUE DIAS
1735,MONTE BELO
1736,SAO FRANCISCO
1737,RODRIGUES DO PRADO
1738,TEIXEIRAS
1739,BERNARDO DA VEIGA
1740,ALVARO MATA
1741,FREI ANTONIO DO DESTERRO
1742,ANDRE DE MELO E CASTRO
1743,FURTADO DE MENDONCA
1744,ARACY GUIMARAES ROSA
1745,GERALDA ROQUE GUACERONI
1746,ELIANE MARTINS
1747,EXPEDICIONARIO PAULO DE SOUZA
1748,SERRANA
1749,SAO DIMAS
1750,FIGUEIRO
1751,GUANABARA
1752,COPACABANA
1753,LETA DE SOUZA ALVES
1754,CARMELA PEZZUTI
1755,MARCELO GUIMARAES
1756,DOIS MIL TREZENTOS E CINQUENTA E TRES
1757,IRENA SENDLER
1758,HERBERT DE SOUZA
1759,MARIO PINHEIRO DE SOUZA
1760,JORNALISTA GERALDO RESENDE
1761,ADENIR PEREIRA DE SOUZA
1762,HUDSON MAGALHAES MARQUES
1763,JORNALISTA HELVIDIO PRISCO
1764,ANTONIO PEIXOTO
1765,TIMBO
1766,ELIAS SALIBA
1767,FERNANDO DE NORONHA
1768,CANELINHA
1769,IBIS
1770,ELIZABETH
1771,SEARA
1772,JOSE SOARES DA COSTA
1773,URCA
1774,ITAMBE DO MATO DENTRO
1775,JORNALISTA MARIO EUGENIO
1776,ROSALINA CALEGARIO
1777,SYLVIO ANDRADE
1778,PARAUNA
1779,CRISTALINA
1780,OCIDENTAL
1781,LITORANEA
1782,AFLUENTES
1783,AURELANDIA
1784,PATRICIO BARBOSA
1785,CLEMENTE NASCIMENTO PIRES
1786,JOAQUIM ASSIS RIBEIRO
1787,CELIO CAUTIERO
1788,MARCELO COIMBRA TAVARES
1789,CORONEL ANTONIO SIA
1790,DAS CASTANHOLAS
1791,DOS VIOLINOS
1792,DOS OBOES
1793,DOS VIOLONCELOS
1794,DOS CAVAQUINHOS
1795,DOS BANDOLINS
1796,DAS CLARINETAS
1797,AIURUOCA
1798,ANGOLA
1799,PENIDO
1800,MOREIRA
1801,LIDIA
1802,JOSE BENTO
1803,RITA
1804,COSTA
1805,ABAIBA
1806,CACHOEIRINHA
1807,QUELUZITA
1808,CARLOS EDUARDO LOTT
1809,RAINHA DAS FLORES
1810,AMENDITA
1811,AVELAR
1812,ITAITUBA
1813,ELISIO DE BRITO
1814,ERNESTO AUSTIN
1815,MARIA FRANCISCA
1816,ELVIRA AUGUSTA
1817,PETIT
1818,SAO JOSE DE ARIMATEIA
1819,GERALDO DIAS
1820,DOS AFONSOS
1821,ANTONIO SOARES
1822,DEOLINDA CANDIDA
1823,JOAO NEIVA
1824,VICENTE CUNHA
1825,FLOR DE TRIGO
1826,FLOR DE CANA
1827,MARIA HELENA FONSECA
1828,FLOR DE GOIABA
1829,ARACI
1830,CASTELO
1831,DELIO VIEIRA SALOMON
1832,FAUSTINO CARDOSO
1833,PADRE VENANCIO
1834,PORTO VELHO
1835,ITAJU
1836,CHOPOTO
1837,ELI PINHEIRO
1838,RIO PETROPOLIS
1839,PADRE CORNELIO
1840,RAPHAEL SALABERGA GASPAR
1841,CERRO CORA
1842,VDT SANTA TEREZA
1843,RAUL MENDES
1844,AZURITA
1845,FLAVIO DOS SANTOS
1846,SILVIANO BRANDAO
1847,CONSELHEIRO ROCHA
1848,CONTAGEM
1849,VESPASIANO
1850,GOUVEIA
1851,LASSANCE
1852,QUIARI
1853,GUARIBA
1854,AURELIA
1855,CALMA
1856,TERESA PEREIRA DE MOURA
1857,SAO FIDELIS
1858,JOSE SILVA PASSOS
1859,ESTANCIA
1860,HONORIO BICALHO
1861,SIMAO PEREIRA
1862,MAGNO MOURA
1863,GOMES PEREIRA
1864,LUIZ DA NOBREGA
1865,UM
1866,PORTUGAL
1867,DOM PEDRO I
1868,OIAPOQUE
1869,SANTOS DUMONT
1870,RIO BRANCO
1871,PARANA
1872,PRIMEIRO DE MAIO
1873,OSWALDO CRIVELLARI
1874,QUINTINO BOCAIUVA
1875,ARISTOTELES RIBEIRO VASCONCELOS
1876,SEBASTIAO DE BRITO
1877,ANTONIO ABRAHAO CARAM
1878,SANTA ROSA
1879,BAGATELLE
1880,GENERAL ARANHA
1881,BOAVENTURA
1882,FREI MANOEL DA CRUZ
1883,IZABEL BUENO
1884,DOUTOR CORNELIO ROSEMBURG
1885,IRMA EUFEMIA
1886,DOM RODRIGO
1887,MUNHOZ
1888,DESEMBARGADOR VIOTTI DE MAGALHAES
1889,EXPEDITO RIBEIRO SILVA
1890,SUZANA
1891,ENY
1892,JOSE DO CARMO
1893,DOS OTIS
1894,PIRACEMA
1895,DOUTOR JOAO MIRANDA
1896,ADAUTO FEITOSA
1897,DEPUTADO JOSE RAIMUNDO
1898,BUENO DE SIQUEIRA
1899,GONCALVES FERREIRA
1900,COSTA MACHADO
1901,BANDEIRA DE MELO
1902,FLOR DE AMEIXEIRA
1903,ESTORIL
1904,VISEU
1905,AMERICO ALVES PATRICIO
1906,DAVID ALVES DO VALE
1907,SILVERIO RIBEIRO
1908,HENRIQUE CABRAL
1909,PROFESSOR MAGALHAES PENIDO
1910,VDT JOSE ALENCAR
1911,CORONEL OSCAR PASCHOAL
1912,DONA CELUTA MONTEIRO
1913,GILSON BRETAS
1914,JOAO RICALDONI FILHO
1915,CHAFFIR FERREIRA
1916,ALA DAS PALMEIRAS
1917,CORONEL JOSE DIAS BICALHO
1918,OLGA GATTI BARBOSA
1919,MOZART BICALHO
1920,FLOR DA CACHOEIRINHA
1921,FLOR DAS ALMAS
1922,PARAÃBA
1923,BARBALHA
1924,CAMPESTRE
1925,CAMPOS GERAIS
1926,JOAO SOARES
1927,CELSO DA CUNHA PEREIRA
1928,FRANCISCO CAMPOS
1929,ARLINDO ZANINI
1930,GERALDO PARREIRAS
1931,GREGORIANO CANEDO
1932,LEONISIO NIGINHO FANTONI
1933,OLGA FRATEZZI
1934,ELIAS KALIL
1935,PROFESSOR KALMAN SIBALSZKY
1936,REGINALDO CUNHA BALAGUER
1937,SAO TOME DO PRINCIPE
1938,CHEIK NAGIB ASSRAUY
1939,ELIAS MOYSES
1940,LUCIO BITTENCOURT
1941,MODELO
1942,VDT SAO FRANCISCO
1943,DOS INCONFIDENTES
1944,OLIVEIRA
1945,OPALA
1946,ALBITA
1947,PIUM I
1948,ANTERO DA SILVEIRA
1949,SANTA RITA DURÃƒO
1950,CAJUI
1951,MENDES PIMENTEL
1952,PROFESSOR EDUARDO AFONSO DE MORAIS
1953,DOUTOR FERNANDO DE MELO VIANA
1954,PROFESSOR EDMUNDO LINS
1955,REITOR PIRES DE ALBUQUERQUE
1956,E
1957,PROFESSOR BAETA VIANA
1958,PROFESSOR MOACIR GOMES DE FREITAS
1959,QUATORZE
1960,PEDRO MELLO
1961,CARANGOLA
1962,CONGONHAS
1963,MAR DE ESPANHA
1964,CAIRO
1965,SAO JOAO NEPOMUCENO
1966,LEOPOLDINA
1967,PROFESSOR GIORGIO SCHREIBER
1968,SAMUEL CAETANO JUNIOR
1969,PROFESSOR MARIO WERNECK
1970,PALERMO
1971,TARANTO
1972,TOSCANA
1973,NOVARA
1974,BIANCA
1975,ANITA BLUMBERG
1976,CREMONA
1977,TORINO
1978,JOAO PROCOPIO DE CARVALHO
1979,NEY WERNECK
1980,JOSE ANTONIO DA SILVA
1981,INSPETOR PIMENTEL
1982,FLOR DO CAQUI
1983,FLOR DA AMEIXA
1984,FLOR DE PEQUI
1985,FLOR DA PITANGA
1986,FLOR DA MANGUEIRA
1987,FLOR DO CAMPO
1988,FLOR DA ROMA
1989,FLOR DE OLIVEIRA
1990,FLOR DA ESPERANCA
1991,FLOR DA IMPERATRIZ
1992,FLOR DO AMENDOIM
1993,FLOR DA SAUDADE
1994,FLOR DA SEIVA
1995,FLOR DO IMPERADOR
1996,ALVARO MARTINS
1997,PEDRO CELSO ABREU
1998,ZENITA DE SOUZA
1999,JONAS LINS DE OLIVEIRA
2000,MINISTRO IVAN LINS
2001,BENTO MENDES CASTANHEIRA
2002,BEIRA ALTA
2003,ALCOBACA
2004,DO ACRE
2005,MOACYR JOSE BERNARDES
2006,EDUARDO FRIEIRO
2007,PROFESSOR EUCLYDES FERREIRA
2008,HAVANA
2009,LEOPOLDINA CARDOSO
2010,CASSIANO CAMPOLINA
2011,BOLIVAR MINEIRO
2012,ALENTEJO
2013,MARECHAL ESPERIDIAO ROSAS
2014,VDT OESTE
2015,CASPIO
2016,GERALDA ANTUNES DOS SANTOS
2017,PASTOR WALDEMAR TERRA
2018,ALA DOS FLAMBOYANTS
2019,ALA DO IPE AMARELO
2020,ALA DO IPE BRANCO
2021,ALA DAS PRINCESAS
2022,ALA DAS LATHANIAS
2023,PADRE PEDRO EVANGELISTA
2024,DA FEDERACAO
2025,CARDEAL VASCONCELOS MOTTA
2026,GUATAMBU
2027,JUA
2028,ALA DAS ACACIAS
2029,JANUARIO BORGES
2030,JOSE FLAUSINO
2031,JORGE VIEIRA
2032,MILTON DIAS
2033,ARNALDO LOURENCO
2034,AMERICO ALVES SARDINHA
2035,CAETANO VASCONCELLOS
2036,EXALTINO MARQUES ANDRADE
2037,PAULO PINHEIRO CHAGAS
2038,MARROCOS FILHO
2039,PROFESSOR WLADIMIR GOMES
2040,VIA LIGACAO BR DUZENTOS E SESSENTA E DOIS SABARA
2041,VINHO
2042,ABILIO ALVES DOS SANTOS
2043,ROSEMBERG SILVA
2044,MARIA CONCEICAO BONFIM
2045,ARIETA BISTENE FARAH
2046,SEBASTIANA SOARES DOS SANTOS
2047,MONSENHOR ARTUR DE OLIVEIRA
2048,EROTHIDES DIAS LADEIRA
2049,DECIO SILVEIRA MARQUES
2050,ACACIO CORREA DOLABELA
2051,ARACY DE ALMEIDA
2052,ERNESTO TOGNOLO
2053,JAIRO BRITO DOS SANTOS
2054,SOLDADO MARIO NETO
2055,LOURDES GONCALVES BARBOSA
2056,AUGUSTA SACCHETTO SCALZO
2057,JOSE DE LIMA GEO
2058,MARIA DE LURDES DE PINHO
2059,JOSEFINO PINTO
2060,TIZIU
2061,INAMBU
2062,CANARIO
2063,GANSO
2064,ILIDIA PAULINA CRUZ
2065,JOSEFINO GONCALVES DA SILVA
2066,JOSE ARCANJO SANTIAGO
2067,TUJUTUI
2068,MANOEL TAVARES DE ABREU
2069,MARIO SALUSTIANO
2070,JOSE DO NASCIMENTO CASTRO
2071,DONA LOLO
2072,GUAXE
2073,POMBA
2074,PASSARO LIRA
2075,AVESTRUZ
2076,GUARA
2077,HUMBERTO RODRIGUES DE OLIVEIRA
2078,ANGELO DE AQUINO FILHO
2079,MARIA DO NASCIMENTO ABREU
2080,LUCIMARA MARQUES
2081,ROSALVO DE MELO FRANCO
2082,ODILON MELO FRANCO
2083,WALDEMAR TEIXEIRA MEIRELES
2084,CAPITAO SILVIO CARVALHO
2085,SILVERIO ALVES DE ASSIS
2086,DOUTOR ARCANJO GAZOLI
2087,JOAO PEREIRA DE ABREU
2088,ASA BRANCA
2089,PINTARROXO
2090,SOFRE
2091,ANA VENUTE SOARES
2092,VIRGINIA MARIA DE JESUS
2093,QUINTINO SIMAO
2094,GERALDO FERREIRA DA SILVA
2095,AFONSO LOBATO
2096,ESTRELA DALVA
2097,ROGERIO APARECIDO DA SILVA
2098,JUIZ MILTON GRANDINETTI
2099,CAPITAO DUARTE
2100,CARMOPOLIS
2101,BARDANA
2102,OLAVO FERREIRA
2103,FREI LUIZ DE RAVENA
2104,DONA AMBROSINA
2105,SAO JUDAS TADEU
2106,ANTONIO RIBEIRO DE ABREU
2107,BEC DA PONTE
2108,ROD CAMILO TEIXEIRA DA COSTA
2109,CURVELO
2110,SALINAS
2111,DIVINO ESPIRITO SANTO
2112,MIRAMAR
2113,ROD PAPA JOAO PAULO II
2114,CONSELHEIRO LAFAIETE
2115,SARA QUEREN TEIXEIRA
2116,DIAMANTINA
2117,MARIA APARECIDA DA LUZ
2118,JOSE MARIA DA COSTA
2119,JOAQUIM ABEL COELHO
2120,JOSE FELIX MARTINS
2121,MARIA LUIZA LARA
2122,ANTONIO MARCAL SAMPAIO
2123,ALUIZIO TEIXEIRA DA SILVA
2124,JOSE MAURICIO BRANDAO
2125,PADRE PEDRO PINTO
2126,DOUTOR ALVARO CAMARGOS
2127,VILARINHO
2128,MACON RIBEIRO
2129,EMILIA MARZANO MATIAS
2130,FARMACEUTICO RAUL MACHADO
2131,CHORINHO
2132,MINUETO
2133,DA SINFONIA
2134,GUARAPARI
2135,PIONEIROS DA PAZ
2136,SAIDE HADDAD ANTONIO
2137,CENTRAL
2138,JORNALISTA JANUARIO CARNEIRO
2139,HUMBERTO DE CAMPOS
2140,POLONIA
2141,ANDRADA E SILVA
2142,JOSE JOAQUIM DOS SANTOS
2143,RADIALISTA CARLOS RUBENS
2144,ANTONIO JOSE DOS SANTOS
2145,RADIALISTA ORTIZ COELHO
2146,RADIALISTA ROMEU LAZAROTI
2147,JOAO GUALBERTO DOS SANTOS
2148,HORACIO DOLABELA VAZ
2149,PADRE PAULO REGOLIO
2150,CELSO AQUINO RIBEIRO
2151,ALEXANDRINA MARIA COUTINHO
2152,ANTONIO FERREIRA DE BARROS
2153,MACOM LAURO DE OLIVEIRA
2154,RENATO LUIZ LIMA
2155,MEXICO
2156,DEPUTADO ANUAR MENHEN
2157,DAS MELANCIAS
2158,DOUTOR CRISTIANO GUIMARAES
2159,DAS GABIROBAS
2160,DOIS MIL TREZENTOS E SETENTA E QUATRO
2161,VDT TERMINAL ESTACAO VILARINHO
2162,ANTONIO RODRIGUES FROES
2163,UNIVERSO
2164,PRESIDENTE
2165,FRANCISCO NEGRAO DE LIMA
2166,OTAVIANO PENAFORTE
2167,LEONTINO FRANCISCO ALVES
2168,GUIDO LEAO
2169,FABRICIO SOARES DA SILVA
2170,SEBASTIAO GOMES PEREIRA
2171,HEITOR A MONTALVAO
2172,ANTONIO DE PAIVA MEIRELLES
2173,PEDRO FELICIANO DE CARVALHO
2174,SEIS A
2175,MANOEL MIRANDA DOS SANTOS
2176,NENEM LARA ROCHA
2177,CORONEL MANOEL ASSUNCAO
2178,JULITA NUNES LIMA
2179,CAPITAO SERGIO PIRES
2180,EDGARD TORRES
2181,CAPITAO NELSON ALBUQUERQUE
2182,VARGEM BONITA
2183,PEDRA DO INDAIA
2184,GONCALVES
2185,ERICO VERISSIMO
2186,COMENDADOR ARTHUR VIANA
2187,CLELIA
2188,FREI OTTO
2189,DORIVAL MACHADO
2190,NORTE
2191,GUERRA JUNQUEIRO
2192,GRACA ARANHA
2193,MONTESE
2194,TELES DE MENEZES
2195,MONTE CASSINO
2196,DAS CANARIAS
2197,MINISTRO GUILHERMINO DE OLIVEIRA
2198,SAOZINHA BAGGIO COUTINHO
2199,IRLANDA
2200,SAO MIGUEL
2201,JAMAICA
2202,MINISTRO HERMENEGILDO DE BARROS
2203,DOUTOR JOSE ESTEVES RODRIGUES
2204,MONTE CASTELO
2205,RAMALHO ORTIGAO
2206,ESCARPA
2207,JOAO BERNARDO MAGALHAES
2208,LOURDES PAULA CORDEIRO
2209,PADRE ADOLFO KOLPING
2210,BENIGNO FAGUNDES DA SILVA
2211,ALA JOSE MARIA ALKIMIM
2212,DA CAVALARICA
2213,ALFREDO SANTOS NEVES
2214,TRI JOSE DE SOUZA MACHADO
2215,ELIAS ANTONIO ISSA
2216,ELPIDIO PEREIRA PIRES
2217,JOAO ZACARIAS DE MIRANDA
2218,FRANCISCO BRETAS BHERING
2219,ESTHER DE LIMA NAVES
2220,RADIALISTA MACLEREVSKI
2221,MARIA GERTRUDES SANTOS
2222,RADIALISTA ORLANDO CAVALCANTE
2223,RADIALISTA CID CARVALHO
2224,RADIALISTA JOSUE POLICARPO
2225,RADIALISTA CARLOS LOTT
2226,UM MIL E SEISCENTOS
2227,RADIALISTA WALDIR GONCALVES
2228,RADIALISTA ORLANDO ARCANJO
2229,RADIALISTA GERALDO LARA
2230,ANTONIO GIAROLA
2231,NARCISIO TEIXEIRA ABREU
2232,RADIALISTA MARIO BATISTA
2233,CORONEL JOAQUIM DOS SANTOS
2234,RADIALISTA HAMILTON MACEDO
2235,PAULINO CAETANO MENDES
2236,JORNALISTA JOAO AUGUSTO
2237,ABIGAIL TOLEDO DE GOUVEIA
2238,ALICE MAGALHAES LOPES
2239,ETERVINO TIBURCIO HENRIQUES
2240,ACACIO TELES PEREIRA
2241,RADIALISTA CLARISSON BARBOSA
2242,ROSANGELA
2243,CLEIDE APARECIDA
2244,CARMELITA MOREIRA REIS
2245,LEDA MARLENE GOMES
2246,VISCONDE DO RIO BRANCO
2247,RADIALISTA ANTONIO ONESIMO
2248,ZELIA
2249,IRMA
2250,CARAGUATATUBA
2251,CACAPAVA
2252,ITANHAEM
2253,ANHEMBI
2254,ARACATUBA
2255,ALTINOPOLIS
2256,SAO CAETANO DO SUL
2257,LIMEIRA
2258,ATIBAIA
2259,PEDRA SABAO
2260,PEDRA DE ANIL
2261,PEDRA DE ARA
2262,PEDRA PRECIOSA
2263,BERNARDA SILVESTRE
2264,AUGUSTO DOS ANJOS
2265,CARLOS ALBERTO
2266,MARCIO LIMA PAIXAO
2267,DESEMBARGADOR ONOFRE MENDES JUNIOR
2268,ENGENHEIRO JOSE GUIMARAES
2269,VISCONDE DE TAUNAY
2270,DOMINGOS GARCIA
2271,ENFERMEIRA GERALDA MARRA
2272,JOAO SAMAHA
2273,SAO PEDRO DO AVAI
2274,VDT GIL NOGUEIRA
2275,DONA CANDIDA
2276,PEDRA CORAL
2277,PEDRA LUNAR
2278,RIBEIRAO PRETO
2279,CRAVO DA INDIA
2280,ERVA MATE
2281,CONEGO TRINDADE
2282,SAO JOAO BATISTA DO GLORIA
2283,CRUZILIA
2284,DALVA DE MATOS
2285,ESTELA
2286,NORMA
2287,ANTONIO MARGARIDA
2288,JOAO MONLEVADE
2289,SERRA DOS AIMORES
2290,VDT LUCIA CASASANTA
2291,MANOEL AUGUSTO DE ALMEIDA
2292,CORONEL ANTONIO LOPES COELHO
2293,INGLATERRA
2294,SANTA RITA DO ITUETO
2295,RADECK MUZZI
2296,MERCIA SIQUEIRA PRATES
2297,REYNALDO SMITH CAMARGOS
2298,DOS EXPEDICIONARIOS
2299,DO ARVOREDO
2300,AUGUSTO CLEMENTINO
2301,VISCONDE DE ITABORAI
2302,DORA
2303,JOSE ANATOLIO FONTES
2304,PATRULHEIRO IDOLO MARRA
2305,DOUTOR JEFFERSON DE OLIVEIRA
2306,HOMERO DE OLIVEIRA
2307,OESTE DE MINAS
2308,HEITOR SOCRATES CARDOSO
2309,DOS ASTECAS
2310,DOS MESCARELOS
2311,DOS JAVAES
2312,DOS TUPARIS
2313,DOS BOROROS
2314,ALDINO CARLOS ROCHA
2315,PROFESSOR LEOPOLDO MIRANDA
2316,X
2317,VARZEA DA PALMA
2318,OTILIA CANDIDA NASCIMENTO
2319,DOS XETAS
2320,DOS CANOEIROS
2321,MINISTRO OLIVEIRA SALAZAR
2322,SEBASTIAO LOBAO
2323,GERALDA CIRINO FLOR DE MAIO
2324,JOAO AMBROSIO
2325,HUDSON GOUTHIER
2326,JOAQUIM PEREIRA
2327,SAO JOAO DA VEREDA
2328,MARCOS LOPES DE ALMEIDA
2329,DO MEL
2330,FRANCISCO JOSE TEIXEIRA
2331,SAO GONCALO DO ABAETE
2332,DOS ZAPOTECAS
2333,ALVARES DE AZEVEDO
2334,DOS TUMUCUMAQUES
2335,DOS MAIAS
2336,CYRO BORJA
2337,NEWTON PINTO DE SOUZA
2338,MONTE ALVERNE
2339,RAIMUNDO CORREIA
2340,MARIO PEDERNEIRAS
2341,JANETE CLAIR
2342,ANTONIO DE SA
2343,DOUTOR ANTONIO GONCALVES DE MATOS
2344,NICOLA COSTA
2345,ALAIR MARQUES RODRIGUES
2346,JOSE DO PATROCINIO
2347,ENCOSTA
2348,JARDEL FILHO
2349,LIRICA
2350,DOS CAMARGOS
2351,DONA CONCEICAO MARTINS
2352,DOS MENEZES
2353,QUINTA DA BOA VISTA
2354,SERAFIM PEREIRA DA SILVA
2355,JOSUE MARTINS DE SOUZA
2356,EXPEDITO FLAVIANO DA COSTA
2357,HELCIO PEREIRA FORTES
2358,JOSE SABINO MACIEL
2359,NELSON JOSE DE ALMEIDA
2360,RAIMUNDO GONCALVES FIGUEIREDO
2361,FRANCISCO JOTA
2362,GEROLISA MACHADO
2363,SAO JORGE
2364,ELIZABETH DOS SANTOS
2365,DONA ERMEZINDA
2366,CAPAO AGA
2367,QUERIDA
2368,VIDIGAL
2369,DOS CACADORES
2370,MENOTTI DEL PICCHIA
2371,OLGA PIMENTA GUIMARAES
2372,BARRA DA TIJUCA
2373,DA PROVIDENCIA
2374,RIO COMPRIDO
2375,PADRE MARIO JOTA
2376,NOSSA SENHORA DE COPACABANA
2377,LEME
2378,ANTONIO BRIGIO PINTO
2379,HERCI EUCLIDES FERREIRA
2380,DONA GENI
2381,SAO CRISTOVAO
2382,SANTISTA
2383,REALEZA
2384,WALTER DE SOUZA RIBEIRO
2385,SARGENTO JOAO LUCAS
2386,ONOFRE D OLIVEIRA
2387,SANTO CRISTO
2388,JOAO FERREIRA DA SILVA
2389,IRMA LUCIA
2390,GENEROSO C.DA ROCHA
2391,COVA IRIA
2392,JACARANDA
2393,APOSTOLO PAULO
2394,CONCEICAO SILVANA
2395,EDMAR COLINI FERREIRA
2396,BRANT HORTA
2397,DAS CHACARAS
2398,SAO SEBASTIAO
2399,JORDELINA MARIA DO CARMO
2400,JOVINO RODRIGUES PEGO
2401,AJAIR DE ALMEIDA COSTA
2402,PAULO ALVES DA SILVA
2403,CANDIDA MARIA DA SILVA
2404,DIMAS PEREIRA LOPES
2405,KATIA REGINA CLAUDINO
2406,NATALICIO DE ARAUJO SILVA
2407,GERALDO ILIDIO TEIXEIRA
2408,WALESKA DE SOUZA
2409,MARIA ROSA DA SILVA
2410,GERALDO LOPES DA SILVA
2411,JOSE CESARINO
2412,MANOEL FELISMINO DE JESUS
2413,DOUTOR ARCHIMEDES THEODORO
2414,DEPUTADO DANIEL DE BARROS
2415,MANOEL BATISTA BAIA
2416,LUZIA SALOMAO
2417,QUINZE
2418,ANTONIO PAULINO DE OLIVEIRA
2419,MONTE PASCOAL
2420,JOSE DE LARA RESENDE
2421,NOVE
2422,MARIA DA CONCEICAO OLIVEIRA
2423,NELSON PEREIRA DA LUZ
2424,JOSE DE ARAUJO
2425,MIGUEL GOMES DA COSTA
2426,SESSENTA E OITO
2427,BALEARES
2428,SALAMANCA
2429,LUCIMAR BRANDAO GUIMARAES
2430,RAUL NIN FERREIRA
2431,AUGUSTO FERREIRA DOS SANTOS
2432,FRANCE JOSE CERCEAU
2433,GERALDO BICALHO BRANDAO
2434,DOUTOR ROBERTO DE LAS CASAS
2435,WILSON ABRAO ABDO
2436,TORREMOLINOS
2437,NOSSA SENHORA DO CENACULO
2438,ANTUERPIA
2439,BRUXELAS
2440,EST NOVA PARA SANTA LUZIA
2441,UGANDA
2442,MAURITANIA
2443,LUANDA
2444,MARECHAL FALCONIERE
2445,CRETA
2446,LUCERNA
2447,ISLANDIA
2448,SAN MARINO
2449,BRISTOL
2450,BERLIM
2451,JOSE MARCOS FELICIO
2452,WILTON MARQUES PEREIRA
2453,ARLEI QUEIROZ SIMOES
2454,GERALDO PEDRO DOS SANTOS
2455,EUNICE MARQUES PEREIRA
2456,ANTONIO PORFIRIO LUIZ
2457,BASILEIA
2458,LUXEMBURGO
2459,ELBA
2460,CRACOVIA
2461,CARMELITA MARQUES ASSIS
2462,CONSUELO
2463,JESUINO CELESTINO DA SILVA
2464,IVAN FERREIRA ALVES
2465,JOAO SOARES LEAL
2466,AMERICO LUIZ MOREIRA
2467,JAYME SILVA DINIZ
2468,JORGE JEBER CAMILO
2469,PEDRA CRISTALINA
2470,MARIA DA PAZ MAIA
2471,SETE DE OUTUBRO
2472,DA ABOLICAO
2473,DA REPUBLICA
2474,PAULO CAMPOS GUIMARAES
2475,CELUTA RAMIRES NORONHA
2476,TRAJANO AMANCIO FERREIRA
2477,JAIR NEGRAO DE LIMA
2478,SANDRA BARROS AMORIM
2479,OCEANO ATLANTICO
2480,ADILIO GREGORIO LOBAO
2481,ANTONIO RIBEIRO DE RESENDE
2482,ALVARO LICERIO DA COSTA
2483,LUCI LELIS
2484,SEBASTIAO PINHEIRO
2485,JOSE FERREIRA DOS SANTOS
2486,PEDRA TURMALINA
2487,JUAREZ TEIXEIRA PINTO
2488,TRE SAO FRANCISCO X PRESIDENTE ANTONIO CARLOS
2489,MADRE TEREZA
2490,GERALDA RODRIGUES DA COSTA
2491,HERACLES
2492,JOAQUIM MEIRELLES
2493,JOSE AVELINO DA SILVA
2494,BENEDITO ANICETO DE OLIVEIRA
2495,MOISES FRANCISCO ROSA
2496,BELTIDES SOUZA ALMEIDA
2497,BACO
2498,MEDEIA
2499,QUINANTE
2500,QUINTIL
2501,SEVERINO LARA
2502,RONALDO FELIPE DE SENA
2503,CEUTA
2504,DAS AMEIXEIRAS
2505,MANOEL CUNHA
2506,CARMELITO MOREIRA DOS REIS
2507,RODRIGO FERNANDES SANTOS
2508,JOAO BATISTA FERNANDES
2509,SABINOPOLIS
2510,APATITA
2511,AGUA MARINHA
2512,PEDRA DA LUA
2513,IRMA MARIA GERALDINA
2514,MARIA LUCIA PETIT
2515,MARIA FLORIPES
2516,SANTA CRUZ DO ESCALVADO
2517,RAIMUNDO ALBERGARIA FILHO
2518,JOAO MAGELA LUZ
2519,CORONEL CANCIO DE ALBUQUERQUE
2520,PEDRO ALCANTARA MOREIRA
2521,PROFESSORA AFONSINA MACHADO
2522,MARIA DE LOURDES FARIA
2523,ROSALIA MILIGRANA PRADO
2524,DOUTOR PEDRO RUELA
2525,JOSE BENEVIDES DA SILVEIRA
2526,ANTONIO MARCOS DA CRUZ
2527,CRISANTO MUNIZ
2528,JOSE NOGUEIRA DE SA
2529,NACIP RAYDAN
2530,MARROCOS
2531,SANTA VITORIA
2532,PEDRA SIDERAL
2533,LUCIA
2534,VERA GONCALVES TERRA
2535,WENCESLAU BRAZ
2536,BRASIL
2537,HILDEBRANDO DE OLIVEIRA
2538,ADRIANO TRINDADE TEIXEIRA
2539,JOINVILLE
2540,NORTE DE MINAS
2541,PROFESSOR BENEVENUTO
2542,EDITH ARAUJO
2543,OLINDA FERREIRA LOPES
2544,DOUTOR CELESTINO MARRA
2545,ROMA
2546,TENENTE RICARDO GUIMARAES
2547,GERALDO ANUNCIACAO
2548,JOAQUIM GONCALVES DA SILVA
2549,MAUREA DE OLIVEIRA FANTONI
2550,ATACAMITA
2551,WALDEMAR DIAS COELHO
2552,MAESTRO JUSTINO DA CONCEICAO
2553,JOAO LIRIO DOS SANTOS
2554,ELCE RIBEIRO
2555,JOAO GUALBERTO DE ABREU
2556,HELIO PELLEGRINO
2557,JORNALISTA GERALDO ALVIM
2558,EXPEDICIONARIO AMERICO FERNANDES
2559,JORNALISTA ROBERTO DRUMOND
2560,AUGUSTO FRANCO
2561,FERNANDO PEREIRA MAGALHAES
2562,AUGUSTA ALVARENGA INEZ
2563,JOVIANO COELHO JUNIOR
2564,JULIO PIRES MALTA
2565,DESEMBARGADOR FELIPPE IMMESI
2566,JOAQUIM CLEMENTE
2567,LUIZ FRANZEN DE LIMA
2568,LUCAS DE OLIVEIRA
2569,GERALDO FERREIRA DE ABREU
2570,JOSE HONORATO DE MORAES
2571,SEBASTIAO CARDOSO ANTOLIN
2572,PEDRO LUIZ DE LIMA
2573,JOSE PINTO DE MOURA
2574,PROFESSORA GABRIELA VARELA
2575,GASTAO DEMETRIO MAIA
2576,DESEMBARGADOR ARTHUR ALBINO
2577,JOSE LOPES MURADAS
2578,JOAQUIM CLEMENTE
2579,CACHANGA
2580,SAMAMBAIA
2581,OSCAR CORREA
2582,MANDALAY
2583,JOATUBA
2584,ITAVERAVA
2585,SIRI
2586,SAMBAIBA
2587,ANIRY
2588,CURIATA
2589,GUARATINGUETA
2590,ITAMI
2591,SAO LUIZ
2592,MARIA AMELIA MAIA
2593,CAETANO DIAS
2594,EDNA QUENTEL
2595,WASHINGTON LUIZ
2596,ARMANDO RIBEIRO DOS SANTOS
2597,EDSON TOMAS SANTOS
2598,VASCO DA GAMA
2599,HENRIQUE TANN
2600,MARIA CANDIDA
2601,NELIA
2602,DEZ DE NOVEMBRO
2603,PADRE LAGE
2604,PAULO DO COUTO E SILVA
2605,LILA BORJA
2606,LAURA BRITO FARIAS
2607,AGUINALDO BICALHO ERVILHA
2608,CORONEL JOAQUIM TIBURCIO
2609,NAIR PENTAGNA GUIMARAES
2610,ARISTIDES NONATO DOS SANTOS
2611,MARIA MANOELA BRAZ
2612,JOSE ANTENOR
2613,OSMAR COSTA
2614,DINAH ROCHA MELLO
2615,JOSE PAULINO
2616,ALGA VERDE
2617,DOS INHAMBUS
2618,JOSE SOARES
2619,CLOVIS DE CASTRO
2620,JOSE DE LIMA
2621,OURICURI
2622,JOSE LIMA DE ALMEIDA
2623,EXPEDICIONARIO JESUS RAMOS
2624,DURVAL FRANCISCO DE OLIVEIRA
2625,TENENTE JOAO FERREIRA
2626,TENENTE ALIPIO SERPA
2627,JOSE MOURA DA SILVA
2628,MACHACALIS
2629,SANTO INACIO DE LOYOLA
2630,ODENIR PAIXAO DA SILVA
2631,JOSE CLEMENTE
2632,ALVARO CAMARGOS SOBRINHO
2633,NUMA NOGUEIRA
2634,CIPO
2635,HERMENEGILDO CHAVES MONZECA
2636,UM MIL NOVECENTOS E TRINTA E NOVE
2637,JOAQUIM OVIDIO DE OLIVEIRA
2638,ANA FRANCISCA DE JESUS
2639,JOSE FRANCISCO DE ARAUJO
2640,REGINA OTHILIA DOS SANTOS
2641,OZIAS FERREIRA
2642,JOSE MARIA CARDOSO
2643,LAZARO FERREIRA DE ASSIS
2644,JOAQUIM VIEIRA TORRES
2645,MANUEL NUNES VIANA
2646,JULIO RIBEIRO
2647,PINTOR RENATO LIMA
2648,MARIA HELENA ROCHA
2649,MARIA MOLINARI ROCHA
2650,SOUZA GOMES
2651,SAO TIAGO
2652,PROFESSOR HERMINIO GUERRA
2653,LIBANO
2654,PINTOR PABLO PICASSO
2655,PINTOR TINTORETTO
2656,JOAO CAMILO DE OLIVEIRA
2657,CANTORA MAYSA
2658,FELIPE DRUMOND
2659,PEDRO AMERICO
2660,MESTRE VALENTIM
2661,JOAQUIM GONCALVES
2662,CHIQUINHA GONZAGA
2663,RODOLFO BERNADELLI
2664,AUSTREGESIO DE ATHAYDE
2665,POETA DANTAS MOTA
2666,MARCOS DONATO DE LIMA
2667,EWERTON CAMARGOS GAZOLLA
2668,MONTE ARARAT
2669,MONTE HOREBE
2670,EST DO SANATORIO
2671,TEREZINHA DE ALMEIDA
2672,CIBIPURUNA
2673,JOSE REZENDE
2674,IZABEL GLANSMAN
2675,COPAIBA
2676,CLARA ELIZA
2677,SARGENTO FILOMENO
2678,CAPITAO EDUARDO
2679,DETETIVE EDUARDO FERNANDES
2680,ALVINO FERREIRA FELIPE
2681,VINTE E OITO
2682,EDGAR BISPO DOS SANTOS
2683,CINQUENTA E UM
2684,TRINTA E NOVE
2685,JOAO CANDIDO FELISBERTO
2686,VICENTE FEOLA
2687,OSORIO DUQUE ESTRADA
2688,GENERAL CARLOS GUEDES
2689,GENERAL OLIMPIO MOURAO FILHO
2690,PROFESSOR TRISTAO DA CUNHA
2691,FREI HILARIO
2692,DOUTOR MIGUEL GONTIJO
2693,DOS TRAPISTAS
2694,DOM CARLOTO TAVORA
2695,PADRE JULIO MARIA
2696,DOS SACRAMENTINOS
2697,SAO FELIX
2698,DOS SALESIANOS
2699,CAPITAO LEONIDIO SOARES
2700,MOACYR FROES
2701,DOUTOR AMERICO GASPARINI
2702,DOS PERIQUITOS
2703,ALBATROZ
2704,DAS GAIVOTAS
2705,NILO APARECIDA PINTO
2706,NEWTON PEREIRA
2707,PROFESSOR NOE AZEVEDO
2708,OTAVIO NICOLAI
2709,DESEMBARGADOR CUSTODIO LUSTOSA
2710,GERSON MORETHSON
2711,ROBERTO LUCIO AROEIRA
2712,DOMINICA
2713,DOUTOR MARIO MAGALHAES
2714,DOUTOR AFONSO NEVES
2715,DONA QUERIDINHA
2716,GUMERCINDO COUTO E SILVA
2717,DAS FRAGATAS
2718,DAS TANGERINAS
2719,JOAQUIM SOARES
2720,OLIVIA MARIA DE JESUS
2721,DEPUTADO ULTIMO DE CARVALHO
2722,WILSON SOARES FERNANDES
2723,LINDOLFO COLOR
2724,ENGENHEIRO LENINE SAVINI
2725,DOS BACURAUS
2726,DOS BEM TE VIS
2727,DOS CANINDES
2728,UM MIL E NOVENTA E TRES
2729,OLIVEIRA FORTES
2730,MEDEIROS
2731,RIO GRANDE
2732,JECEABA
2733,ALDEMIRO FERNANDES TORRES
2734,MARIA MARTINS
2735,DOS TOUREIROS
2736,PRACA DOS TOUROS
2737,IPE DO CAMPO
2738,AGUAS DE MARCO
2739,CHEFLERA
2740,SALVIA
2741,LELIA
2742,TILIA
2743,TIPUANA
2744,MARTE
2745,LIRIOS DO CAMPO
2746,AGENOR DE PAULA ESTRELA
2747,AUGUSTA ANDRADE LAGE
2748,MARCELINA FRANCISCA DA FONSECA
2749,MARIA DA GLORIA COIMBRA
2750,MARIA AMBROSIA DE SA
2751,LINDAURA MAGALHAES ALKIMIN
2752,MARIA VITALINA DE JESUS
2753,JOSE GOMES DOMINGUES
2754,SENHORA DO BELO RAMO
2755,ANA MARQUES DA SILVA
2756,GONCALO DE SOUZA BARROS
2757,ATALAIA
2758,INOCENCIA MAGALHAES ALKIMIN
2759,JOAO DE PAULA ESTRELA
2760,CARNAUBA
2761,APARANA
2762,RONAN LASMAR
2763,JOSE BENEDITO
2764,ATANASIA DOS JARDINS
2765,WANEA LOBO SAMOR
2766,JOAO NASCIMENTO PIRES
2767,OZENIL JOSE DE OLIVEIRA
2768,GERALDO PORTO
2769,PEDRO ANISIO MAIA
2770,NELSON MYRRHA
2771,MANOELINA DORNELAS
2772,LONGITUDE
2773,UM
2774,LINDOLFO DE PADUA LIMA
2775,BASTAO DO IMPERADOR
2776,OLMO
2777,JOSE BARBOSA FERNANDES
2778,ALBERTO MARTINS
2779,MAURICIO PERILLO
2780,CAPITA FLAVIANA DE OLIVEIRA
2781,SALSA
2782,LUIS DE OLIVEIRA
2783,COPAUBA
2784,CANELA
2785,COLORADO
2786,VIEIRA DOS SANTOS
2787,MADUREIRA
2788,DIANA
2789,CLORIS
2790,OLYMPUS
2791,IPIRANGA
2792,FLORESTA
2793,VULCANO
2794,EROS
2795,ALZIRA
2796,FARIA PEREIRA
2797,SANTA SECONDA
2798,ARTUR DE CASTRO CUNHA
2799,MARIA GUERZONI FERNANDES
2800,TIA NADIR
2801,AMERICO ALVES
2802,CRUZ DE MALTA
2803,MARCO AURELIO
2804,BEZERRA DE MENEZES
2805,ARISTOTELES
2806,JULIO CEZAR
2807,SAO GREGORIO
2808,VDT UM MIL NOVECENTOS E SETENTA E NOVE
2809,FEIRA DE SANTANA
2810,FLORIANOPOLIS
2811,MARCELO FRANCO
2812,VEREADOR CAMIL CARAM
2813,PAULO CAMPOS MENDES
2814,SERRA DOS ORGAOS
2815,SERRA DO NAVIO
2816,SERRA DA MANTIQUEIRA
2817,SERRA GERAL
2818,SERRA FORMOSA
2819,SERRA DO MAR
2820,SERRA DA MOEDA
2821,SERRA DO SINCORA
2822,INES GLANSMAN
2823,DONA SINVALINA NEVES
2824,JUAZEIRO DO NORTE
2825,WILSON SILVA
2826,UM MIL QUINHENTOS E SETENTA E NOVE
2827,SAO JACINTO
2828,SAO ROMULO
2829,ANTONIO MARIANO DE ABREU
2830,AROEIRA DO SERTAO
2831,AMARANTO VERDE
2832,ANGELONIA
2833,HERVALDO BRAGA
2834,ASSA PEIXE
2835,ELAINE LEMOS
2836,CLEANTO
2837,TALES
2838,SOCRATES
2839,LEONIDIA TEIXEIRA DE LIMA
2840,JOAO LEMOS
2841,TRES MIL E SETENTA E QUATRO
2842,TRES MIL E SETENTA E TRES
2843,DEA MARCIA CHALUP
2844,MARECHAL GUALBERTO
2845,CARLOS GARDEL
2846,MARIANO GUIMARAES
2847,DOM GERALDO PROENCA SIGAUD
2848,DOM CABRAL
2849,DOM REZENDE COSTA
2850,DOM SILVERIO GOMES PIMENTA
2851,DOM AQUINO
2852,VIRGEM APARECIDA
2853,DONA SILVA
2854,JOSE DIAS FERREIRA
2855,JORNALISTA ABRAHAO SADI
2856,DOMINGOS RODRIGUES COSTA
2857,PLINIO TEIXEIRA
2858,OTACILIA RODRIGUES PEREIRA
2859,PAULA BROCHADO FRANCA
2860,DIACONO FRANCISCO BARRETO
2861,DJALMA CASSIMIRO DE ARAUJO
2862,GILDA FALCI MOURAO
2863,ANGELINA DE MATTOS SILVEIRA
2864,BENJAMIN FRAGA
2865,JOSE MAURICIO VEIGA
2866,GLAURA
2867,PAULO TIMOTEO NASCIMENTO
2868,MANOEL PASSOS
2869,BURI
2870,ITAPETINGA
2871,TOMAZ GONZAGA
2872,PROFESSORA IRACEMA PIMENTA
2873,PLEIADES
2874,CRUCIS
2875,DAS CONSTELACOES
2876,CENTAURO
2877,VIA LACTEA
2878,DO OLIMPO
2879,TATUI
2880,MARILIA DE DIRCEU
2881,BARBARA HELIODORA
2882,TENENTE HELIM
2883,AROEIRA
2884,SILVA FORTES
2885,PAULA DIAS
2886,ARTUR DE SA
2887,NELSON
2888,JOHNSON
2889,PITT
2890,DOMINGOS FERNANDES
2891,JOAO ARANTES
2892,JULIO PEREIRA DA SILVA
2893,PROFESSOR PIMENTA DA VEIGA
2894,SILVEIRA
2895,ITAQUERA
2896,JUACEMA
2897,ITAPAGIPE
2898,DOS CARIJOS
2899,DEPUTADO BERNARDINO DE SENA FIGUEIREDO
2900,JOSE GASPAR DE ARAUJO
2901,PROFESSOR LINCOLN CONTINENTINO
2902,ELYSEU DIAS COELHO
2903,EDSON
2904,SAN MARTIN
2905,JEFFERSON
2906,WASHINGTON
2907,VENEZUELA
2908,ASSUNCAO
2909,COSTA RICA
2910,MIGUEL CHQUILOFF
2911,BUENOS AIRES
2912,CALIFORNIA
2913,CARDEAL STEPINAC
2914,DOUTOR FURTADO DE MENEZES
2915,OZANAM
2916,JOSE CLEMENTE PEREIRA
2917,DOM LEME
2918,SALGUEIRO
2919,UBAI
2920,MANGANES
2921,ENGENHEIRO CORREIA
2922,HORTA BARBOSA
2923,SAO BARTOLOMEU
2924,QUIXADA
2925,ILDEFONSO ALVIM
2926,SAO ROQUE
2927,HELENA ANTIPOFF
2928,GURURY
2929,GUANDAHUS
2930,SAGITARIO
2931,SAPUCAI
2932,MACAE
2933,VICENTE PAULO ALMEIDA
2934,ANA CARVALHO SILVEIRA
2935,SAO GONCALO
2936,CACONDE
2937,PRINCESA LEOPOLDINA
2938,ARCANGELO MALETTA
2939,TERRA
2940,DOS POLOS
2941,ZODIACO
2942,NETUNO
2943,PALMARES
2944,JUPITER
2945,DO SOL
2946,PARENTIS
2947,LUA
2948,CORONEL ANTONIO GARCIA DE PAIVA
2949,MAURA
2950,ARTUR GUIMARAES
2951,PIO XI
2952,PADRE AGOSTINHO
2953,VITORIA
2954,GENTIL TEODORO
2955,ESTER DE LIMA
2956,JOSE JOAQUIM DA MATA
2957,FRANCISCO LUIZ
2958,JOSE CLETO
2959,DA PATAGONIA
2960,HAITI
2961,PRESIDENTE EURICO DUTRA
2962,CARMINE ZUPO
2963,ALCIDES FERREIRA
2964,IBERTIOGA
2965,ICA
2966,PANEMA
2967,JAGUARIBE
2968,OPERARIO JOSE AZEVEDO FILHO
2969,MEXICO
2970,IGUASSU
2971,PURUS
2972,ITAPEVA
2973,SABARA
2974,PONTE NOVA
2975,PLOMBAGINA
2976,PADRE SEVERINO
2977,MAJOR LOPES
2978,MENDOZA
2979,EQUADOR
2980,YUCATAN
2981,TUPACIGUARA
2982,PARU
2983,JEQUIRICA
2984,RENATO DE SOUZA REIS
2985,PROFESSOR GERALDO FONTES
2986,CAMILO PRATES
2987,FRANCISCA LEAO CORREA
2988,ANDESITA
2989,OTAVIO OTONI
2990,PROFESSOR COSTA CHIABI
2991,INSPETOR NILO SEABRA
2992,DOUTOR JOSE SILVA MARTINS
2993,DOUTOR PLINIO MORAES
2994,IRMAOS KENNEDY
2995,DOUTOR JARBAS VIDAL GOMES
2996,NELSON SOARES DE FARIA
2997,PAULO NUNES VIEIRA
2998,AFONSO PENA JUNIOR
2999,PROFESSOR AMEDEE PERET
3000,MANOEL MIRANDA
3001,WALLACE
3002,VINTE E QUATRO
3003,ANTONIO TELLES PEREIRA
3004,DOM HELDER CAMARA
3005,NOSSA SENHORA DE GUADALUPE
3006,SAO TEOFILO
3007,SANTO ISIDORO
3008,JARDIM BAGDA
3009,JOSE RACHEL DE PINHO
3010,PROFESSOR AMILCAR VIANA MARTINS
3011,ZELIA JACINTA DA COSTA
3012,ITAGIBA MIRANDA RABELO
3013,DOS SOCIAIS
3014,AMOR DE NOSSA VIDA
3015,DOS BORGES
3016,DONA CHIQUINHA
3017,PAULO JOSE DA SILVA
3018,FRANCISCO ASSIS DE FREITAS
3019,MARROM
3020,VERMELHO
3021,SERGIO VIEIRA DE MELLO
3022,MAGENTA
3023,HELIO NATALE
3024,DAS ALMAS
3025,ANJO AZUL
3026,ITARUMIRIM
3027,PACO DA LIBERDADE
3028,DA CULTURA
3029,PADRE ARGEMIRO MOREIRA
3030,BOLIVAR
3031,LORCA
3032,ADAMASTOR TYMBURIBA
3033,CACHOEIRINHA
3034,CONEGO SANTANA
3035,CLARA NUNES
3036,TRINDADE
3037,JAVARI
3038,IRAJA
3039,JOAZEIRO
3040,OMEGA
3041,COQUEIRO
3042,GURUPA
3043,DEPUTADO CRISTOVAM CHIARADIA
3044,RUBENS CARVALHO DE ANDRADE
3045,JORNALISTA GUILHERME APGAUA
3046,CORONEL FIGUEIREDO
3047,FREI GERONIMO
3048,CORREA VASQUES
3049,MANOEL JOSE DA SILVA
3050,ANTONIO CLEMENTE
3051,CARTUNISTA HENFIL
3052,SAO LEOPOLDO
3053,ITAUNINHA
3054,OTAVIANO GOMES
3055,LUIZ CANTANHEDE
3056,MEIRA DE VASCONCELOS
3057,LUIZ PECANHA
3058,CORONEL JOSE DE CASTRO
3059,SENHORA DA PAZ
3060,BORBOREMA
3061,TAQUARI
3062,MOISES KALIL
3063,RUBENS CAPORALI RIBEIRO
3064,SENADOR JOSE AUGUSTO
3065,MARIA DAS GRACAS
3066,EXPEDICIONARIO JOSE SILVA
3067,SANTA EUFEMIA
3068,LUIZ DE ABREU
3069,DOS LIMOES
3070,GERALDA MARTINS MIRANDA
3071,EXPEDICIONARIO JOSE ZEFERINO
3072,EXPEDICIONARIO INOCENCIO ROSA
3073,REGINA
3074,IMPERIO
3075,FERREIRA
3076,JORNALISTA OSVALDINA NOBRE
3077,JANETE HELENA
3078,GABRIELA
3079,ALCANTARA
3080,SEBASTIAO DE BARROS
3081,BELFORT ROXO
3082,FRANCA
3083,CORURIPE
3084,ANDRE FERNANDES
3085,DAS CAMELIAS
3086,EUCLIDES DA CUNHA
3087,HERCULANO DE FREITAS
3088,CANAA
3089,DANTAS
3090,MARECHAL JOFRE
3091,BERNARDINO DE LIMA
3092,ANDRE CAVALCANTI
3093,ESTACIO DE SA
3094,ALMIRANTE ALEXANDRINO
3095,CHASQUIEL ZINQUIER
3096,JOSE ISIDORO MIRANDA
3097,EDSON LUIZ MIRANDA
3098,AUSTRIA
3099,BARROSO NETO
3100,GERALDA DINIZ MIRANDA
3101,FRANCELINA ALVES DE MIRANDA
3102,GERALDO PIRES DE MIRANDA
3103,BARREIRO GRANDE
3104,JOSE NICODEMOS
3105,MARIO DE LIMA
3106,SEM NOME
3107,LIBERO LEONE
3108,ARIPUANA
3109,JOSE HEMETERIO ANDRADE
3110,LAURA SOARES CARNEIRO
3111,JOSE DO PATROCINIO CARNEIRO
3112,ESMERALDO BOTELHO
3113,ALESSANDRA SALUM CADAR
3114,JOSE AMAURY FERRARA
3115,ENGENHEIRO ALUISIO ROCHA
3116,PROFESSOR MIGUEL DE SOUZA
3117,DOUTOR CELIO ANDRADE
3118,FELICIO ROXO
3119,JOAQUIM FERNANDES
3120,AMARO NEVES BARRETO
3121,ABILIO FERNANDES DE OLIVEIRA
3122,GERALDO FERREIRA DA GLORIA
3123,PALLAS ATHENA
3124,CABO AIRTON BRAGA
3125,SOLDADO IZAIR BARBOSA
3126,HENRIQUETA LISBOA
3127,CORPO DE BOMBEIROS MILITAR
3128,DOIS MIL QUATROCENTOS E SESSENTA E NOVE
3129,DOIS MIL QUATROCENTOS E SESSENTA E OITO
3130,OSMIR VENUTO DA SILVA
3131,AMELIA MORETZSOHN DA SILVA
3132,LUIZ ROMUALDO DA SILVA
3133,DOIS MIL QUATROCENTOS E SESSENTA E SEIS
3134,BERENICE RIBEIRO DE MIRANDA
3135,AGRELOS
3136,MARCO AURELIO PRATES
3137,ANGELA BENAREGES
3138,DOS MENSAGEIROS
3139,FATIMA SIMOES
3140,MARIA HELENA PONTES
3141,CARLOS DRUMOND DE ANDRADE
3142,MARIO MARÃ‡AL
3143,DOS MOREIRAS
3144,MACAUBAS
3145,DAS MANGUEIRAS
3146,SERRA DO CURRAL
3147,SERRA DO CAPARAO
3148,SENHORA DO BRASIL
3149,RINCAO
3150,VIOLETA DE MELO
3151,DA RESSURREICAO
3152,DA ANUNCIACAO
3153,DO ENCONTRO
3154,URUCANIA
3155,DA FLAGELACAO
3156,EVOCACAO
3157,REDENTOR
3158,DA PASCOA
3159,DA COROACAO
3160,DO BATISMO
3161,REZENDE
3162,TERESOPOLIS
3163,MARIETA MACHADO
3164,INDIANOPOLIS
3165,JOANOPOLIS
3166,SIMAO TAMM
3167,NICOLINA PACHECO
3168,TENENTE SENNA
3169,ALVARO OLIVEIRA ROXO
3170,DIVINOLANDIA DE MINAS
3171,DELEGADO ALVARO LOUREIRO
3172,ARLINDO DOS SANTOS
3173,VEREADOR JOAO SARDINHA
3174,PROFESSOR ANTONIO MARCIO
3175,PEDRO SERAFIM FERREIRA
3176,CORONEL JAIRO PEREIRA
3177,CONDE DE MONTE CRISTO
3178,GIMIRIM
3179,LIMA DUARTE
3180,AQUIDABAN
3181,ANCHIETA
3182,VEREADOR GERALDO PEREIRA
3183,HUMAITA
3184,DOM VICOSO
3185,CORONEL JOSE BENJAMIM
3186,MENDANHA
3187,BENFICA
3188,MANOEL SABINO NOGUEIRA
3189,PROFESSOR TABAJARA PEDROSO
3190,SEVERINA CLAUDINA MACHADO
3191,CONCEICAO VIDIGAL PAULUCCI
3192,EXPEDICIONARIO ANTONIO NASCIMENTO
3193,CLAUDIO GOMES DE SOUZA
3194,CONTORNO
3195,HELE AMARAL VALADAO
3196,ENGENHO DE MINAS
3197,ENGENHO DO MAR
3198,ENGENHO DO BRONZE
3199,ENGENHO DO OURO
3200,ENGENHO DA PRATA
3201,ENGENHO DO NORTE
3202,VEREADOR FAUSTO SANTANA
3203,BENJAMIM GUIMARAES
3204,JURAMENTO
3205,TAQUARIL
3206,SENHOR SIMEONE
3207,MAGNESIO
3208,DESEMBARGADOR BRAULIO
3209,JOAQUIM TEIXEIRA DOS ANJOS
3210,GLEUCY JOSE DE OLIVEIRA
3211,RAMIRO SIQUEIRA
3212,LUIZ VAZ DE TORRES
3213,PEDRO DE SINTRA
3214,THEODORO BONFIM
3215,BARTOLOMEU DIAS
3216,VASCO BALBOA
3217,SANTA TEREZA
3218,ITA
3219,TEBAS
3220,DESEMBARGADOR SARAIVA
3221,LEOPOLDO GOMES
3222,JEQUITINHONHA
3223,ITAMIRIM
3224,MADRESSILVA
3225,RAPOSOS
3226,BEGONIA
3227,VINTE E OITO DE SETEMBRO
3228,SANTA RITA
3229,PIRITE
3230,SETE DE ABRIL
3231,NELSON REIS
3232,BELEM
3233,JOAQUIM ISAIAS SIQUEIRA
3234,ERCILIA SIQUEIRA
3235,FRANCISCO SERRAO
3236,FERNAO GOMES
3237,JOAQUIM FELICIO
3238,SANTA BARBARA
3239,CALDEIRA BRANT
3240,COUNTRY CLUB DE BELO HORIZONTE
3241,NIQUELINA
3242,PACIFICO MASCARENHAS
3243,ALVARES MACIEL
3244,MAJOR BARBOSA
3245,TENENTE ANASTACIO DE MOURA
3246,SANTA LUZIA
3247,ALPHONSUS DE GUIMARAES
3248,FLUORINA
3249,FLORIANO PEIXOTO
3250,DOMINGOS VIEIRA
3251,DOIS MIL DUZENTOS E DEZOITO
3252,DOM HENRIQUE
3253,NUNO TRISTAO
3254,DINIS DIAS
3255,DOIS MIL DUZENTOS E VINTE E UM
3256,JOAO IGNACIO SANTOS
3257,SANTA TEREZA
3258,PONTA PORA
3259,JOAO SOARES DE SENNA
3260,MARZAGANIA
3261,FERNAO DIAS
3262,IARA
3263,SILVIO ROMERO
3264,PADRE FRANCISCO ARANTES
3265,SOARES DO COUTO
3266,PROFESSOR JOSE RENAULT
3267,GUAICUI
3268,DO FURQUIM
3269,SILVIANOPOLIS
3270,SAO GOTARDO
3271,ALVINOPOLIS
3272,KIMBERLITA
3273,TENENTE VITORINO
3274,TENENTE DURVAL
3275,HERMILO ALVES
3276,AQUILES LOBO
3277,JOSE PEDRO DRUMOND
3278,MARECHAL DEODORO
3279,DO ITAMBE
3280,MUCURI
3281,SILVA ORTIZ
3282,MARMORE
3283,DUQUE DE CAXIAS
3284,DORES DO INDAIA
3285,SANTO AGOSTINHO
3286,SAO LAZARO
3287,JOAO GUALBERTO FILHO
3288,STELA DE SOUZA
3289,TEIXEIRA MENDES
3290,TAVARES BASTOS
3291,ALVES DO VALE
3292,ENGENHEIRO ALBERT SCHARLE
3293,DOUTOR PEREIRA DE MELO
3294,PROFESSOR JULIO MOURAO
3295,JULIA NUNES GUERRA
3296,FABIO COURI
3297,PROFESSOR JOAO MARTINS
3298,DOUTOR ISMAEL DE FARIA
3299,JOAQUIM CANDIDO FILHO
3300,DOUTOR JUVENAL DOS SANTOS
3301,PADRE JOSE DE MENEZES
3302,LUIZ SOARES DA ROCHA
3303,TEODOMIRA DINIZ LARA
3304,GODOFREDO DE ARAUJO
3305,AMALIA
3306,ALBANO
3307,LIEGIA
3308,ALEGRE
3309,VASCONCELOS PEREIRA
3310,PORTO SEGURO
3311,APRAZIVEL
3312,PROFESSOR BRESSANE
3313,DONA SENHORINHA
3314,CABROBO
3315,SAO JOAQUIM
3316,ALEGRETE
3317,PETROLINA
3318,JACQUES LUCIANO
3319,JOAO CARLOS
3320,SAO FELIPE
3321,SANTISSIMA TRINDADE
3322,SANTA MARTA
3323,ALABASTRO
3324,RIO VERDE
3325,LARANJAL
3326,GUSTAVO PENA
3327,ANHANGUERA
3328,DONA NANCY DE VASCONCELOS GOMES
3329,SAO LUCAS
3330,VICENTINA DE SOUZA
3331,SAO MARCOS
3332,SAO MATEUS
3333,EST DA BALEIA
3334,ABADIA
3335,MARIANO DE ABREU
3336,ASTOLFO DUTRA
3337,CASA BRANCA
3338,MARIO MARTINS
3339,JOAO CAETANO
3340,BOM JESUS
3341,ICANA
3342,ENGENHEIRO OCELO CIRINO
3343,PROFESSOR IVAN LAGE
3344,GERALDO VASCONCELLOS
3345,DOUTOR AMERICO CYRILLO
3346,JOAO LADEIRA DE SENA
3347,PROFESSORA MARIA CAROLINA CAMPOS
3348,DAS FLORES
3349,AMAZONITA
3350,PACIFICO FARIA
3351,SARANDI
3352,MAESTRO DELÃŠ ANDRADE
3353,ANIBAL BENEVOLO
3354,CARLOS PEIXOTO
3355,RESEDÃ
3356,TENENTE GARRO
3357,PADRE ROLIM
3358,PADRE MARINHO
3359,JUIZ COSTA VAL
3360,RAVEL
3361,MARZAGANIA
3362,GUIMARANIA
3363,VIRGEM DA LAPA
3364,ANDARAI
3365,DOM SILVERIO
3366,FERREIRA PINTO
3367,LUNDS FERREIRA
3368,CARLOS MACIEL
3369,PARAJU
3370,SUCUPIRA
3371,CONDE D EU
3372,DEMETRIO RIBEIRO
3373,CINCO DE MAIO
3374,ALCIDA TORRES
3375,PADRE FEIJO
3376,CAMETA
3377,LOUIS BRAILLE
3378,DIAMETRAL
3379,VOLTA GRANDE
3380,GENOVEVA DE SOUZA
3381,MARTIM DE CARVALHO
3382,MARTIM FRANCISCO
3383,MARQUES DE VALENCA
3384,LEONARDO GUTIERREZ
3385,BICAS
3386,CORONEL JULIO PINTO
3387,AMETISTA
3388,CHAPECO
3389,CURA D ARS
3390,RIO CLARO
3391,ESMERALDA
3392,CAPITAO BRAGANCA
3393,OLIGISTO
3394,ITAPIRA
3395,MORRINHOS
3396,LAMIM
3397,SANTA ALBERTINA
3398,AUREO DRUMMOND
3399,POTUMAIO
3400,MANGARATIBA
3401,ITAITE
3402,ARMINDA MORENGOLA
3403,OLAVO BERNARDES
3404,PROFESSOR DUQUE
3405,ESTACIO RODRIGUES
3406,DOUTOR RAUL DE BRITO
3407,BURNIER
3408,BARREIRO
3409,UARIRA
3410,GUIRICEMA
3411,DOUTOR SAMUEL HAHNEMANN
3412,OSCAR COELHO DOS SANTOS
3413,JOTA JUNIOR
3414,PROFESSOR RODRIGO AGNELO ANTUNES
3415,ANGELO PEZZUTI DA SILVA
3416,MARIA CAMARGOS DINIZ
3417,DONA NICOLINA LIMA
3418,MALVA
3419,AZALEIA BRANCA
3420,PAPOULA VERMELHA
3421,ZINIA
3422,LIRIO MONTANHES
3423,LILE HADDAD
3424,AZALEIA
3425,CAISSARA
3426,SANTUARIO SAO GERALDO
3427,COCAES
3428,BOLIVAR FERREIRA DE MELO
3429,DAVID MAURILIO MOURAO
3430,CONDOR
3431,NOVA
3432,GRAO PARA
3433,CAJURI
3434,TRES BICAS
3435,VICENTE RISOLA
3436,MINDURI
3437,COMENDADOR NOHME SALOMAO
3438,CAXAMBU
3439,AGOSTINHO MARTINI
3440,PEDRO LESSA
3441,MENDES DE OLIVEIRA
3442,MIRACEMA
3443,DO ROSARIO
3444,JEQUITAI
3445,SAO CLEMENTE
3446,CANDIDO LUCIO
3447,RAMATIS
3448,DOS TECELOES
3449,DONA CLARA
3450,MANHUACU
3451,CASSITERITA
3452,DESEMBARGADOR VELOSO
3453,BENJAMIM BRANDAO
3454,FERNANDO LOBO
3455,CONEGO PINHEIRO
3456,MANGA
3457,LUNARDI
3458,FRANCISCO GUIMARAES
3459,CANANEIA
3460,PERDIZES
3461,SATELITE
3462,SANTISSIMO
3463,REALENGO
3464,PASSA QUATRO
3465,HELIO LAZZAROTTI
3466,SANTA FE
3467,FRUTAL
3468,MARACANA
3469,CACHOEIRA DOURADA
3470,JOAQUIM ZENIR LEITE
3471,DOUTOR MICAELI
3472,AURELIANO MAGALHAES
3473,LUIZ BRANDAO
3474,CORONEL PEREIRA
3475,GLYCON TERRA PINTO
3476,CORONEL JORGE DAVIS
3477,PAULINO MARQUES GONTIJO
3478,CORONEL FULGENCIO
3479,MICA
3480,CAMOES
3481,FRANCISCO DE PAULA FERREIRA
3482,RAUL HANRIOT
3483,JOSIAS CASIMIRO
3484,SAO BENTO
3485,CARLOS NIEMEYER
3486,ARTUR ALVIM
3487,ESTEVAO LUNARDI
3488,FORMOSA
3489,DA CONCEICAO
3490,HEMATITA
3491,ANTONIO PEIXOTO GUIMARAES
3492,FRANCISCO DA VEIGA
3493,ENGENHEIRO OSWALDO ANDRADE
3494,VANDER RODRIGUES DE LIMA
3495,CICLOPICA
3496,ANTONIO CESARIO DA ROCHA
3497,BOREAL
3498,ADOLFO MONTEIRO DE CASTRO
3499,MARAMBAIA
3500,SILVA FREIRE
3501,SANTO AMARO
3502,WALDEMAR ROCHA
3503,MARIO SOARES
3504,DEUSDEDITH DE ASSIS
3505,NELSON SOARES
3506,OSMARIO SOARES
3507,OSWALDO DE SOUZA
3508,CORONEL JUCA FERRAZ
3509,MALAQUITO
3510,MOEMA
3511,ALVORADA DE MINAS
3512,LORENA
3513,BOM RETIRO
3514,CORNELIO CERQUEIRA
3515,IBITURUNA
3516,CAMILO DE BRITO
3517,TEJO
3518,BARTOLOMEU DE GUSMAO
3519,JAU
3520,DOUTOR JULIO OTAVIANO FERREIRA
3521,DOM JOAO PIMENTA
3522,SANTA MATILDE
3523,PROFESSOR BAETA NEVES
3524,BARAO DE AIRUOCA
3525,BACURI
3526,DOM ARISTIDES PORTO
3527,ALTO DA MATA
3528,MARACA
3529,MAIRINK
3530,JANAITIBA
3531,PIRANGUINHO
3532,FLOR DE MELANCIA
3533,MARY APARECIDA
3534,ARROJADO LISBOA
3535,CAMARUGI
3536,EULER
3537,ITORORO
3538,PAULO NEHMY
3539,FURTADO NUNES
3540,PROFESSOR RAPHAEL HARDY
3541,GERALDO TORRES
3542,BONAPARTE
3543,BOM SUCESSO
3544,HYBRIS
3545,CORNELIO PROCOPIO
3546,OLIVIO RODRIGUES
3547,MONTALVANIA
3548,TIMOTEO
3549,FREI CRISTOVAO
3550,EMILIO RICCALDONI
3551,CONSTANCA
3552,MARQUES DO LAVRADIO
3553,VENUS
3554,FOBUS
3555,TEMPLUS
3556,DOUTOR NEWTON DE PAIVA FERREIRA
3557,LIGNITO
3558,MATO VERDE
3559,MANOEL DOS REIS FILHO
3560,IGINO BONFIOLI
3561,AMAVEL COSTA
3562,DESEMBARGADOR LUCIANO DE SOUZA LIMA
3563,PAULO BRANDAO
3564,ITAI
3565,SILVA ALVARENGA
3566,SOUZA AGUIAR
3567,COARI
3568,VIANA DO CASTELO
3569,GUIMARAES
3570,PADRE LEOPOLDO MERTENS
3571,PANDIA CALOGERAS
3572,GENERAL CAMISAO
3573,LEIRIA
3574,JORDAO
3575,APERE
3576,GURUA
3577,SUCURI
3578,ARAPARI
3579,MANOEL LOPES DE SIQUEIRA
3580,LUIS BENTO
3581,PAULO RIBEIRO BASTOS
3582,CONSELHEIRO GALVAO
3583,NORALDINO LIMA
3584,PROFESSOR JERSON MARTINS
3585,JULIO FERRAZ
3586,INTENDENTE CAMARA
3587,CYRO VAZ DE MELO
3588,RITA ALVES CASTANHEIRA
3589,JOSE SOARES DUMONT
3590,MODESTINO GONCALVES
3591,PORTO
3592,ALGARVE
3593,DOUTOR BROCHADO
3594,SERRA AZUL
3595,ARLINDO BONIFACIO
3596,CONDE SANTA MARINHA
3597,CORONEL ALVES
3598,IRIBA
3599,PADRE JULIO MARIA
3600,SARGENTO JOAO OVIDIO
3601,ANTONIO OLIVIO FERREIRA
3602,ANTAO GONCALVES
3603,ALAIR PEREIRA DA SILVA
3604,DO PATRIARCA
3605,DULCE MARIA
3606,PASTOR ACHILLES BARBOSA
3607,LEVI FREIRE
3608,RIBEIRAO DAS NEVES
3609,EMERSON PEIXOTO
3610,ISRAEL VOLENSK
3611,AVELINO PRUDENCIO DA SILVA
3612,COUTO DE MAGALHAES
3613,VISTA ALEGRE
3614,MOYSES KALIL
3615,ANGICO
3616,IPE
3617,BEBERIBE
3618,ITARARE
3619,JUNDIAI
3620,JUPARANA
3621,URUPES
3622,URARICOERA
3623,MUQUI
3624,TAMBORIL
3625,IBITINGA
3626,PADRE JOSE LOPES
3627,PADRE JOAO PIO
3628,OPHIL RIBEIRO
3629,AGGEO PIO SOBRINHO
3630,CARLOS DRUMOND DE ANDRADE
3631,PROFESSOR SYLVIO DE VASCONCELLOS
3632,FERNANDO FRANCA CAMPOS
3633,DESEMBARGADOR MELLO JUNIOR
3634,CONSUL ROBERT LEVY
3635,MANGABEIRA
3636,BENVINDA DE CARVALHO
3637,OVIDIO ANDRADE
3638,REPUBLICA ARGENTINA
3639,MONTEVIDEU
3640,CHILE
3641,MUZAMBINHO
3642,SAO DOMINGOS DO PRATA
3643,SAO ROMAO
3644,NUNES VIEIRA
3645,CARMO COURI
3646,JORNALISTA MOACYR ANDRADE
3647,DA IMPRENSA
3648,BEC BRAS
3649,VIRGOLANDIA
3650,ARAMIRIM
3651,TIMOR
3652,SAMBEM
3653,ANTONIO MARTINS DE SOUZA
3654,FRANCISCO MANOEL DA SILVA
3655,ALFEU GONCALVES QUEIROGA
3656,FONTE DE AGUAS
3657,SILVESTRE TEODORO DE SOUZA
3658,SANTA TEREZA DE AVILA
3659,AFEGANISTAO
3660,NIGERIA
3661,ACUCENA
3662,PEDRO FIRMINO DE OLIVEIRA
3663,FRANCISCO JONAS SANTANA
3664,JOSE MOREIRA
3665,ANTONIO ABRANTES FORTUNA
3666,SEBASTIAO MOREIRA
3667,MAR DO NORTE
3668,MORUMBI
3669,FLOR DE SEDA
3670,GENERAL DURVAL
3671,WILMA DE ANDRADE
3672,BETULA
3673,CASTANHEIRO
3674,PRIMEIRO DE OUTUBRO
3675,JOAO DE CARVALHO
3676,ITAMARATI
3677,ALSACIA
3678,CURUPAITI
3679,MARATAIZES
3680,ITANGUA
3681,TIETE
3682,DIMAS GONCALVES DE MEDEIROS
3683,AMILCAR VIANNA MARTINS
3684,DAS PEREIRAS
3685,ANTONIO MACHADO
3686,COMENDADOR MANOEL SENDAS
3687,DOS ESTADOS
3688,AUGUSTO DE LIMA JUNIOR
3689,MANDACARU
3690,DORA TOMICH LAENDER
3691,CLAUDIO JOAQUIM ANTUNES
3692,ISTAMBUL
3693,EUCLIDES FRANCO
3694,COPENHAGUE
3695,ESTOCOLMO
3696,ADOLFO LIPPI FONSECA
3697,CARLOS LACERDA
3698,PROFESSORA LIBERALINA SANTANA
3699,SARAH CARVALHO MACHADO
3700,ARNALDO CATHOUD
3701,BRAUNA
3702,CURIMATA
3703,ESTRELA GUIA
3704,CASABLANCA
3705,REINALDO MELGACO
3706,MONTE SANTO
3707,VERSILIA
3708,CALABRIA
3709,BEATRIZ
3710,WILSON MODESTO RIBEIRO
3711,GERALDO SILVA
3712,DAS AVELAS
3713,MANOEL GUEDES SANTOS
3714,LUIZ FERNANDO
3715,SENHORA DA ABADIA
3716,RIBEIRAO VERMELHO
3717,PEDRA DO MAR
3718,ANTONIO RIBEIRO
3719,BRUNO ALVARENGA MARQUES
3720,DOS CAJUEIROS
3721,MARIA ANGELICA
3722,JOSE MARIA DA COSTA
3723,MARIA DE LOURDES DA CRUZ
3724,GENEROSO CLEMENTE DA ROCHA
3725,DOS ABACATEIROS
3726,DOS PARDAIS
3727,FRANCISCO MONTEIRO LARA
3728,JARDIM DE ALA
3729,DOS CURIANGOS
3730,DAS SIRIEMAS
3731,ITAU
3732,ALFREDO LIMA
3733,ANTONIO DOS SANTOS
3734,DIVINO ESPIRITO SANTO
3735,DENISE CRISTINA DA ROCHA
3736,JUVENTUDE
3737,RADIALISTA DECIO SILVEIRA
3738,FRANCISCO AMANCIO FERREIRA
3739,JOAO LOPES DE OLIVEIRA
3740,JOSE CAMILO DOS SANTOS
3741,IGNACINHO ALVARENGA
3742,JOSE DO CARMO OLIVEIRA
3743,JOSE AVELINO SOUZA
3744,P
3745,O
3746,ARIOLINO ARISTIDES DOS SANTOS
3747,PASCHOAL SOUZA LIMA
3748,NESTOR VERAS
3749,GUERNICA
3750,PROFESSOR AIMORE DUTRA
3751,BERNARDINO VENTURA
3752,HERMES FONTES
3753,MALIBU
3754,MARIA FERREIRA MENDES
3755,LEONARDO AGOSTINHO MATOSO
3756,DAS MACIEIRAS
3757,DAS VIDEIRAS
3758,DAS PERAS
3759,DAS JAQUEIRAS
3760,BOM JARDIM
3761,PORTUGAL E CASTRO
3762,TEREZA CRISTINA
3763,ANTONIO CARLOS
3764,BONFIM DE ABREU
3765,EVERARDO VIEIRA
3766,ILACIR PEREIRA LIMA
3767,CATANDUVA
3768,MARIA LUZIA MELO
3769,PADRE FELIPE DA SILVA
3770,NASCIP LAKTIN
3771,DESCALVADO
3772,ALVARES DA SILVA
3773,PASSABEM
3774,SANTO INACIO
3775,ALBERTO CINTRA
3776,CHURCHILL
3777,MANAUS
